[banked] daemon alive (1 proc)
[SUPERLOOPV3] recalled=250 new=0 dominant=other drift=⚠️ YES
[dashboard] 34 lines written to superloop_DASHBOARD.md
[held] local dashboard written; CONFIRM=1 pushes gist
[exit=0]
[banked] daemon alive (1 proc)
[SUPERLOOPV3] recalled=250 new=0 dominant=other drift_alerts=1
[held] dashboard written locally; CONFIRM=1 publishes gist
[exit=0]
[banked] daemon alive (1 proc)
[SUPERLOOPV3] recalled=250 new=0 dominant=other drift_alerts=1
[held] dashboard written locally; CONFIRM=1 publishes gist
[exit=0]
[banked] daemon alive (1 proc)
[SUPERLOOPV3] recalled=250 new=0 dominant=other drift_alerts=1
[held] dashboard written locally; CONFIRM=1 publishes gist
[exit=0]
[banked] daemon alive (1 proc)
[SUPERLOOPV3] recalled=250 new=168 dominant=other drift_alerts=1
[held] dashboard written locally; CONFIRM=1 publishes gist
[exit=0]
[banked] daemon alive (1 proc)
[SUPERLOOPV3] recalled=250 new=189 dominant=other drift_alerts=1
[held] dashboard written locally; CONFIRM=1 publishes gist
[exit=0]
[banked] daemon alive (1 proc)
[SUPERLOOPV3] recalled=250 new=0 dominant=other drift_alerts=1
[held] dashboard written locally; CONFIRM=1 publishes gist
[exit=0]
[banked] daemon alive (1 proc)
[SUPERLOOPV3] recalled=250 new=0 dominant=other drift_alerts=1
[held] dashboard written locally; CONFIRM=1 publishes gist
[exit=0]
[banked] daemon alive (1 proc)
[SUPERLOOPV3] recalled=250 new=75 dominant=other drift_alerts=1
[held] dashboard written locally; CONFIRM=1 publishes gist
[exit=0]
[banked] daemon alive (1 proc)
[SUPERLOOPV3] recalled=250 new=0 dominant=other drift_alerts=1
[held] dashboard written locally; CONFIRM=1 publishes gist
[exit=0]
[banked] daemon alive (1 proc)
[SUPERLOOPV3] recalled=250 new=0 dominant=other drift_alerts=1
[held] dashboard written locally; CONFIRM=1 publishes gist
[exit=0]
[banked] daemon alive (1 proc)
[SUPERLOOPV3] recalled=250 new=0 dominant=other drift_alerts=1
[held] dashboard written locally; CONFIRM=1 publishes gist
[exit=0]
[banked] daemon alive (1 proc)
[SUPERLOOPV3] recalled=250 new=0 dominant=other drift_alerts=1
[held] dashboard written locally; CONFIRM=1 publishes gist
[exit=0]
[banked] daemon alive (1 proc)
[SUPERLOOPV3] recalled=250 new=0 dominant=other drift_alerts=1
[held] dashboard written locally; CONFIRM=1 publishes gist
[exit=0]
[banked] daemon alive (1 proc)
[SUPERLOOPV3] recalled=250 new=0 dominant=other drift_alerts=1
[held] dashboard written locally; CONFIRM=1 publishes gist
[exit=0]
[banked] daemon alive (1 proc)
[SUPERLOOPV3] recalled=250 new=0 dominant=other drift_alerts=1
[held] dashboard written locally; CONFIRM=1 publishes gist
[exit=0]
[banked] daemon alive (1 proc)
[SUPERLOOPV3] recalled=250 new=0 dominant=other drift_alerts=1
[held] dashboard written locally; CONFIRM=1 publishes gist
[exit=0]
[banked] daemon alive (1 proc)
[SUPERLOOPV3] recalled=250 new=0 dominant=other drift_alerts=1
[held] dashboard written locally; CONFIRM=1 publishes gist
[exit=0]
[banked] daemon alive (1 proc)
[SUPERLOOPV3] recalled=250 new=0 dominant=other drift_alerts=1
[held] dashboard written locally; CONFIRM=1 publishes gist
[exit=0]
[banked] daemon alive (1 proc)
[SUPERLOOPV3] recalled=250 new=0 dominant=other drift_alerts=1
[held] dashboard written locally; CONFIRM=1 publishes gist
[exit=0]
[banked] daemon alive (1 proc)
[SUPERLOOPV3] recalled=250 new=0 dominant=other drift_alerts=1
[held] dashboard written locally; CONFIRM=1 publishes gist
[exit=0]
[banked] daemon alive (1 proc)
[SUPERLOOPV3] recalled=250 new=0 dominant=other drift_alerts=1
[held] dashboard written locally; CONFIRM=1 publishes gist
[exit=0]
[banked] daemon alive (1 proc)
[SUPERLOOPV3] recalled=250 new=0 dominant=other drift_alerts=1
[held] dashboard written locally; CONFIRM=1 publishes gist
[exit=0]
[banked] daemon alive (1 proc)
[SUPERLOOPV3] recalled=250 new=0 dominant=other drift_alerts=1
[held] dashboard written locally; CONFIRM=1 publishes gist
[exit=0]
[banked] daemon alive (1 proc)
[SUPERLOOPV3] recalled=250 new=0 dominant=other drift_alerts=1
[held] dashboard written locally; CONFIRM=1 publishes gist
[exit=0]
[banked] daemon alive (1 proc)
[SUPERLOOPV3] recalled=250 new=0 dominant=other drift_alerts=1
[held] dashboard written locally; CONFIRM=1 publishes gist
[exit=0]
[banked] daemon alive (1 proc)
[SUPERLOOPV3] recalled=250 new=0 dominant=other drift_alerts=1
[held] dashboard written locally; CONFIRM=1 publishes gist
[exit=0]
[banked] daemon alive (1 proc)
[SUPERLOOPV3] recalled=250 new=0 dominant=other drift_alerts=1
[held] dashboard written locally; CONFIRM=1 publishes gist
[exit=0]
[banked] daemon alive (1 proc)
[SUPERLOOPV3] recalled=250 new=0 dominant=other drift_alerts=1
[held] dashboard written locally; CONFIRM=1 publishes gist
[exit=0]
[banked] daemon alive (1 proc)
[SUPERLOOPV3] recalled=250 new=0 dominant=other drift_alerts=1
[held] dashboard written locally; CONFIRM=1 publishes gist
[exit=0]
[banked] daemon alive (1 proc)
[SUPERLOOPV3] recalled=250 new=0 dominant=other drift_alerts=1
[held] dashboard written locally; CONFIRM=1 publishes gist
[exit=0]
[banked] daemon alive (1 proc)
[SUPERLOOPV3] recalled=250 new=0 dominant=other drift_alerts=1
[held] dashboard written locally; CONFIRM=1 publishes gist
[exit=0]
[banked] daemon alive (1 proc)
[SUPERLOOPV3] recalled=250 new=0 dominant=other drift_alerts=1
[held] dashboard written locally; CONFIRM=1 publishes gist
[exit=0]
[banked] daemon alive (1 proc)
[SUPERLOOPV3] recalled=250 new=0 dominant=other drift_alerts=1
[held] dashboard written locally; CONFIRM=1 publishes gist
[exit=0]
[banked] daemon alive (1 proc)
[SUPERLOOPV3] recalled=250 new=0 dominant=other drift_alerts=1
[held] dashboard written locally; CONFIRM=1 publishes gist
[exit=0]
[banked] daemon alive (1 proc)
[SUPERLOOPV3] recalled=250 new=0 dominant=other drift_alerts=1
[held] dashboard written locally; CONFIRM=1 publishes gist
[exit=0]
[banked] daemon alive (1 proc)
[SUPERLOOPV3] recalled=250 new=0 dominant=other drift_alerts=1
[held] dashboard written locally; CONFIRM=1 publishes gist
[exit=0]
[banked] daemon alive (1 proc)
[SUPERLOOPV3] recalled=250 new=0 dominant=other drift_alerts=1
[held] dashboard written locally; CONFIRM=1 publishes gist
[exit=0]
[banked] daemon alive (1 proc)
[SUPERLOOPV3] recalled=250 new=0 dominant=other drift_alerts=1
[held] dashboard written locally; CONFIRM=1 publishes gist
[exit=0]
[banked] daemon alive (1 proc)
[SUPERLOOPV3] recalled=250 new=0 dominant=other drift_alerts=1
[held] dashboard written locally; CONFIRM=1 publishes gist
[exit=0]
[banked] daemon alive (1 proc)
[SUPERLOOPV3] recalled=250 new=0 dominant=other drift_alerts=1
[held] dashboard written locally; CONFIRM=1 publishes gist
[exit=0]
[banked] daemon alive (1 proc)
[SUPERLOOPV3] recalled=250 new=0 dominant=other drift_alerts=1
[held] dashboard written locally; CONFIRM=1 publishes gist
[exit=0]
[banked] daemon alive (1 proc)
[SUPERLOOPV3] recalled=250 new=0 dominant=other drift_alerts=1
[held] dashboard written locally; CONFIRM=1 publishes gist
[exit=0]
[banked] daemon alive (1 proc)
[SUPERLOOPV3] recalled=250 new=0 dominant=other drift_alerts=1
[held] dashboard written locally; CONFIRM=1 publishes gist
[exit=0]
[banked] daemon alive (1 proc)
[SUPERLOOPV3] recalled=250 new=0 dominant=other drift_alerts=1
[held] dashboard written locally; CONFIRM=1 publishes gist
[exit=0]
[banked] daemon alive (1 proc)
[SUPERLOOPV3] recalled=250 new=0 dominant=other drift_alerts=1
[held] dashboard written locally; CONFIRM=1 publishes gist
[exit=0]
[banked] daemon alive (1 proc)
[SUPERLOOPV3] recalled=250 new=0 dominant=other drift_alerts=1
[held] dashboard written locally; CONFIRM=1 publishes gist
[exit=0]
[banked] daemon alive (1 proc)
[SUPERLOOPV3] recalled=250 new=0 dominant=other drift_alerts=1
[held] dashboard written locally; CONFIRM=1 publishes gist
[exit=0]
[banked] daemon alive (1 proc)
[SUPERLOOPV3] recalled=250 new=0 dominant=other drift_alerts=1
[held] dashboard written locally; CONFIRM=1 publishes gist
[exit=0]
[banked] daemon alive (1 proc)
[SUPERLOOPV3] recalled=250 new=0 dominant=other drift_alerts=1
[held] dashboard written locally; CONFIRM=1 publishes gist
[exit=0]
[banked] daemon alive (1 proc)
[SUPERLOOPV3] recalled=250 new=0 dominant=other drift_alerts=1
[held] dashboard written locally; CONFIRM=1 publishes gist
[exit=0]
[banked] daemon alive (1 proc)
[SUPERLOOPV3] recalled=250 new=199 dominant=other drift_alerts=1
[held] dashboard written locally; CONFIRM=1 publishes gist
[exit=0]
[banked] daemon alive (1 proc)
[SUPERLOOPV3] recalled=250 new=0 dominant=other drift_alerts=1
[held] dashboard written locally; CONFIRM=1 publishes gist
[exit=0]
[banked] daemon alive (1 proc)
[SUPERLOOPV3] recalled=250 new=0 dominant=other drift_alerts=1
[held] dashboard written locally; CONFIRM=1 publishes gist
[exit=0]
[banked] daemon alive (1 proc)
[SUPERLOOPV3] recalled=250 new=0 dominant=other drift_alerts=1
[held] dashboard written locally; CONFIRM=1 publishes gist
[exit=0]
[banked] daemon alive (1 proc)
[SUPERLOOPV3] recalled=250 new=0 dominant=other drift_alerts=1
[held] dashboard written locally; CONFIRM=1 publishes gist
[exit=0]
[banked] daemon alive (1 proc)
[SUPERLOOPV3] recalled=250 new=0 dominant=other drift_alerts=1
[held] dashboard written locally; CONFIRM=1 publishes gist
[exit=0]
[banked] daemon alive (1 proc)
[SUPERLOOPV3] recalled=250 new=0 dominant=other drift_alerts=1
[held] dashboard written locally; CONFIRM=1 publishes gist
[exit=0]
[banked] daemon alive (1 proc)
[SUPERLOOPV3] recalled=250 new=0 dominant=other drift_alerts=1
[held] dashboard written locally; CONFIRM=1 publishes gist
[exit=0]
[banked] daemon alive (1 proc)
[SUPERLOOPV3] recalled=250 new=0 dominant=other drift_alerts=1
[held] dashboard written locally; CONFIRM=1 publishes gist
[exit=0]
[banked] daemon alive (1 proc)
[SUPERLOOPV3] recalled=250 new=5 dominant=other drift_alerts=1
[held] dashboard written locally; CONFIRM=1 publishes gist
[exit=0]
[banked] daemon alive (1 proc)
[SUPERLOOPV3] recalled=250 new=84 dominant=other drift_alerts=1
[held] dashboard written locally; CONFIRM=1 publishes gist
[exit=0]
[banked] daemon alive (1 proc)
[SUPERLOOPV3] recalled=250 new=0 dominant=other drift_alerts=1
[held] dashboard written locally; CONFIRM=1 publishes gist
[exit=0]
[banked] daemon alive (1 proc)
[SUPERLOOPV3] recalled=250 new=0 dominant=other drift_alerts=1
[held] dashboard written locally; CONFIRM=1 publishes gist
[exit=0]
[banked] daemon alive (1 proc)
[SUPERLOOPV3] recalled=250 new=189 dominant=other drift_alerts=1
[held] dashboard written locally; CONFIRM=1 publishes gist
[exit=0]
[banked] daemon alive (1 proc)
[SUPERLOOPV3] recalled=250 new=0 dominant=other drift_alerts=1
[held] dashboard written locally; CONFIRM=1 publishes gist
[exit=0]
[banked] daemon alive (1 proc)
[SUPERLOOPV3] recalled=250 new=0 dominant=other drift_alerts=1
[held] dashboard written locally; CONFIRM=1 publishes gist
[exit=0]
[banked] daemon alive (1 proc)
[SUPERLOOPV3] recalled=250 new=0 dominant=other drift_alerts=1
[held] dashboard written locally; CONFIRM=1 publishes gist
[exit=0]
[banked] daemon alive (1 proc)
[SUPERLOOPV3] recalled=250 new=0 dominant=other drift_alerts=1
[held] dashboard written locally; CONFIRM=1 publishes gist
[exit=0]
[banked] daemon alive (1 proc)
[SUPERLOOPV3] recalled=250 new=0 dominant=other drift_alerts=1
[held] dashboard written locally; CONFIRM=1 publishes gist
[exit=0]
[banked] daemon alive (1 proc)
[SUPERLOOPV3] recalled=250 new=4 dominant=other drift_alerts=1
[held] dashboard written locally; CONFIRM=1 publishes gist
[exit=0]
[banked] daemon alive (1 proc)
[SUPERLOOPV3] recalled=250 new=0 dominant=other drift_alerts=1
[held] dashboard written locally; CONFIRM=1 publishes gist
[exit=0]
[banked] daemon alive (1 proc)
[SUPERLOOPV3] recalled=250 new=0 dominant=other drift_alerts=1
[held] dashboard written locally; CONFIRM=1 publishes gist
[exit=0]
[banked] daemon alive (1 proc)
[SUPERLOOPV3] recalled=250 new=0 dominant=other drift_alerts=1
[held] dashboard written locally; CONFIRM=1 publishes gist
[exit=0]
[banked] daemon alive (1 proc)
[SUPERLOOPV3] recalled=250 new=0 dominant=other drift_alerts=1
[held] dashboard written locally; CONFIRM=1 publishes gist
[exit=0]
[banked] daemon alive (1 proc)
[SUPERLOOPV3] recalled=250 new=0 dominant=other drift_alerts=1
[held] dashboard written locally; CONFIRM=1 publishes gist
[exit=0]
[banked] daemon alive (1 proc)
[SUPERLOOPV3] recalled=250 new=0 dominant=other drift_alerts=1
[held] dashboard written locally; CONFIRM=1 publishes gist
[exit=0]
[banked] daemon alive (1 proc)
[SUPERLOOPV3] recalled=250 new=0 dominant=other drift_alerts=1
[held] dashboard written locally; CONFIRM=1 publishes gist
[exit=0]
[banked] daemon alive (1 proc)
[SUPERLOOPV3] recalled=250 new=169 dominant=other drift_alerts=1
[held] dashboard written locally; CONFIRM=1 publishes gist
[exit=0]
[banked] daemon alive (1 proc)
[SUPERLOOPV3] recalled=250 new=0 dominant=other drift_alerts=1
[held] dashboard written locally; CONFIRM=1 publishes gist
[exit=0]
[banked] daemon alive (1 proc)
[SUPERLOOPV3] recalled=250 new=140 dominant=other drift_alerts=1
[held] dashboard written locally; CONFIRM=1 publishes gist
[exit=0]
[banked] daemon alive (1 proc)
[SUPERLOOPV3] recalled=250 new=0 dominant=other drift_alerts=1
[held] dashboard written locally; CONFIRM=1 publishes gist
[exit=0]
[banked] daemon alive (1 proc)
[SUPERLOOPV3] recalled=250 new=164 dominant=other drift_alerts=1
[held] dashboard written locally; CONFIRM=1 publishes gist
[exit=0]
[banked] daemon alive (1 proc)
[SUPERLOOPV3] recalled=250 new=0 dominant=other drift_alerts=1
[held] dashboard written locally; CONFIRM=1 publishes gist
[exit=0]
[banked] daemon alive (1 proc)
[SUPERLOOPV3] recalled=250 new=0 dominant=other drift_alerts=1
[held] dashboard written locally; CONFIRM=1 publishes gist
[exit=0]
[banked] daemon alive (1 proc)
[SUPERLOOPV3] recalled=250 new=0 dominant=other drift_alerts=1
[held] dashboard written locally; CONFIRM=1 publishes gist
[exit=0]
[banked] daemon alive (1 proc)
[SUPERLOOPV3] recalled=250 new=0 dominant=other drift_alerts=1
[held] dashboard written locally; CONFIRM=1 publishes gist
[exit=0]
[banked] daemon alive (1 proc)
[SUPERLOOPV3] recalled=250 new=0 dominant=other drift_alerts=1
[held] dashboard written locally; CONFIRM=1 publishes gist
[exit=0]
[banked] daemon alive (1 proc)
[SUPERLOOPV3] recalled=250 new=52 dominant=other drift_alerts=1
[held] dashboard written locally; CONFIRM=1 publishes gist
[exit=0]
[banked] daemon alive (1 proc)
[SUPERLOOPV3] recalled=250 new=0 dominant=other drift_alerts=1
[held] dashboard written locally; CONFIRM=1 publishes gist
[exit=0]
[banked] daemon alive (1 proc)
[SUPERLOOPV3] recalled=250 new=0 dominant=other drift_alerts=1
[held] dashboard written locally; CONFIRM=1 publishes gist
[exit=0]
[banked] daemon alive (1 proc)
[SUPERLOOPV3] recalled=250 new=0 dominant=other drift_alerts=1
[held] dashboard written locally; CONFIRM=1 publishes gist
[exit=0]
[banked] daemon alive (1 proc)
[SUPERLOOPV3] recalled=250 new=0 dominant=other drift_alerts=1
[held] dashboard written locally; CONFIRM=1 publishes gist
[exit=0]
[banked] daemon alive (1 proc)
[SUPERLOOPV3] recalled=250 new=147 dominant=other drift_alerts=1
[held] dashboard written locally; CONFIRM=1 publishes gist
[exit=0]
[banked] daemon alive (1 proc)
[SUPERLOOPV3] recalled=250 new=0 dominant=other drift_alerts=1
[held] dashboard written locally; CONFIRM=1 publishes gist
[exit=0]
[banked] daemon alive (1 proc)
[SUPERLOOPV3] recalled=250 new=0 dominant=other drift_alerts=1
[held] dashboard written locally; CONFIRM=1 publishes gist
[exit=0]
[banked] daemon alive (1 proc)
[SUPERLOOPV3] recalled=250 new=0 dominant=other drift_alerts=1
[held] dashboard written locally; CONFIRM=1 publishes gist
[exit=0]
[banked] daemon alive (1 proc)
[SUPERLOOPV3] recalled=250 new=0 dominant=other drift_alerts=1
[held] dashboard written locally; CONFIRM=1 publishes gist
[exit=0]
[banked] daemon alive (1 proc)
[SUPERLOOPV3] recalled=250 new=0 dominant=other drift_alerts=1
[held] dashboard written locally; CONFIRM=1 publishes gist
[exit=0]
[banked] daemon alive (1 proc)
[SUPERLOOPV3] recalled=250 new=0 dominant=other drift_alerts=1
[held] dashboard written locally; CONFIRM=1 publishes gist
[exit=0]
[banked] daemon alive (1 proc)
[SUPERLOOPV3] recalled=250 new=0 dominant=other drift_alerts=1
[held] dashboard written locally; CONFIRM=1 publishes gist
[exit=0]
[banked] daemon alive (1 proc)
[SUPERLOOPV3] recalled=250 new=0 dominant=other drift_alerts=1
[held] dashboard written locally; CONFIRM=1 publishes gist
[exit=0]
[banked] daemon alive (1 proc)
[SUPERLOOPV3] recalled=250 new=0 dominant=other drift_alerts=1
[held] dashboard written locally; CONFIRM=1 publishes gist
[exit=0]
[banked] daemon alive (1 proc)
[SUPERLOOPV3] recalled=250 new=0 dominant=other drift_alerts=1
[held] dashboard written locally; CONFIRM=1 publishes gist
[exit=0]
[banked] daemon alive (1 proc)
[SUPERLOOPV3] recalled=250 new=0 dominant=other drift_alerts=1
[held] dashboard written locally; CONFIRM=1 publishes gist
[exit=0]
[banked] daemon alive (1 proc)
[SUPERLOOPV3] recalled=250 new=0 dominant=other drift_alerts=1
[held] dashboard written locally; CONFIRM=1 publishes gist
[exit=0]
[banked] daemon alive (1 proc)
[SUPERLOOPV3] recalled=250 new=0 dominant=other drift_alerts=1
[held] dashboard written locally; CONFIRM=1 publishes gist
[exit=0]
[banked] daemon alive (1 proc)
[SUPERLOOPV3] recalled=250 new=0 dominant=other drift_alerts=1
[held] dashboard written locally; CONFIRM=1 publishes gist
[exit=0]
[banked] daemon alive (1 proc)
[SUPERLOOPV3] recalled=250 new=0 dominant=other drift_alerts=1
[held] dashboard written locally; CONFIRM=1 publishes gist
[exit=0]
[banked] daemon alive (1 proc)
[SUPERLOOPV3] recalled=250 new=0 dominant=other drift_alerts=1
[held] dashboard written locally; CONFIRM=1 publishes gist
[exit=0]
[banked] daemon alive (1 proc)
[SUPERLOOPV3] recalled=250 new=0 dominant=other drift_alerts=1
[held] dashboard written locally; CONFIRM=1 publishes gist
[exit=0]
[banked] daemon alive (1 proc)
[SUPERLOOPV3] recalled=250 new=0 dominant=other drift_alerts=1
[held] dashboard written locally; CONFIRM=1 publishes gist
[exit=0]
[banked] daemon alive (1 proc)
[SUPERLOOPV3] recalled=250 new=0 dominant=other drift_alerts=1
[held] dashboard written locally; CONFIRM=1 publishes gist
[exit=0]
[banked] daemon alive (1 proc)
[SUPERLOOPV3] recalled=250 new=0 dominant=other drift_alerts=1
[held] dashboard written locally; CONFIRM=1 publishes gist
[exit=0]
[banked] daemon alive (1 proc)
[SUPERLOOPV3] recalled=250 new=0 dominant=other drift_alerts=1
[held] dashboard written locally; CONFIRM=1 publishes gist
[exit=0]
[banked] daemon alive (1 proc)
[SUPERLOOPV3] recalled=250 new=0 dominant=other drift_alerts=1
[held] dashboard written locally; CONFIRM=1 publishes gist
[exit=0]
[banked] daemon alive (1 proc)
[SUPERLOOPV3] recalled=250 new=0 dominant=other drift_alerts=1
[held] dashboard written locally; CONFIRM=1 publishes gist
[exit=0]
[banked] daemon alive (1 proc)
[SUPERLOOPV3] recalled=250 new=0 dominant=other drift_alerts=1
[held] dashboard written locally; CONFIRM=1 publishes gist
[exit=0]
[banked] daemon alive (1 proc)
[SUPERLOOPV3] recalled=250 new=0 dominant=other drift_alerts=1
[held] dashboard written locally; CONFIRM=1 publishes gist
[exit=0]
[banked] daemon alive (1 proc)
[SUPERLOOPV3] recalled=250 new=0 dominant=other drift_alerts=1
[held] dashboard written locally; CONFIRM=1 publishes gist
[exit=0]
[banked] daemon alive (1 proc)
[SUPERLOOPV3] recalled=250 new=0 dominant=other drift_alerts=1
[held] dashboard written locally; CONFIRM=1 publishes gist
[exit=0]
[banked] daemon alive (1 proc)
[SUPERLOOPV3] recalled=250 new=0 dominant=other drift_alerts=1
[held] dashboard written locally; CONFIRM=1 publishes gist
[exit=0]
[banked] daemon alive (1 proc)
[SUPERLOOPV3] recalled=250 new=0 dominant=other drift_alerts=1
[held] dashboard written locally; CONFIRM=1 publishes gist
[exit=0]
[banked] daemon alive (1 proc)
[SUPERLOOPV3] recalled=250 new=0 dominant=other drift_alerts=1
[held] dashboard written locally; CONFIRM=1 publishes gist
[exit=0]
[banked] daemon alive (1 proc)
[SUPERLOOPV3] recalled=250 new=0 dominant=other drift_alerts=1
[held] dashboard written locally; CONFIRM=1 publishes gist
[exit=0]
[banked] daemon alive (1 proc)
[SUPERLOOPV3] recalled=250 new=0 dominant=other drift_alerts=1
[held] dashboard written locally; CONFIRM=1 publishes gist
[exit=0]
[banked] daemon alive (1 proc)
[SUPERLOOPV3] recalled=250 new=0 dominant=other drift_alerts=1
[held] dashboard written locally; CONFIRM=1 publishes gist
[exit=0]
[banked] daemon alive (1 proc)
[SUPERLOOPV3] recalled=250 new=0 dominant=other drift_alerts=1
[held] dashboard written locally; CONFIRM=1 publishes gist
[exit=0]
[banked] daemon alive (1 proc)
[SUPERLOOPV3] recalled=250 new=0 dominant=other drift_alerts=1
[held] dashboard written locally; CONFIRM=1 publishes gist
[exit=0]
[banked] daemon alive (1 proc)
[SUPERLOOPV3] recalled=250 new=0 dominant=other drift_alerts=1
[held] dashboard written locally; CONFIRM=1 publishes gist
[exit=0]
[banked] daemon alive (1 proc)
[SUPERLOOPV3] recalled=250 new=0 dominant=other drift_alerts=1
[held] dashboard written locally; CONFIRM=1 publishes gist
[exit=0]
[banked] daemon alive (1 proc)
[SUPERLOOPV3] recalled=250 new=221 dominant=other drift_alerts=1
[held] dashboard written locally; CONFIRM=1 publishes gist
[exit=0]
[banked] daemon alive (1 proc)
[SUPERLOOPV3] recalled=250 new=172 dominant=other drift_alerts=1
[held] dashboard written locally; CONFIRM=1 publishes gist
[exit=0]
[banked] daemon alive (1 proc)
[SUPERLOOPV3] recalled=250 new=0 dominant=other drift_alerts=1
[held] dashboard written locally; CONFIRM=1 publishes gist
[exit=0]
[banked] daemon alive (1 proc)
[SUPERLOOPV3] recalled=250 new=0 dominant=other drift_alerts=1
[held] dashboard written locally; CONFIRM=1 publishes gist
[exit=0]
[banked] daemon alive (1 proc)
[SUPERLOOPV3] recalled=250 new=0 dominant=other drift_alerts=1
[held] dashboard written locally; CONFIRM=1 publishes gist
[exit=0]
[banked] daemon alive (1 proc)
[SUPERLOOPV3] recalled=250 new=148 dominant=other drift_alerts=1
[held] dashboard written locally; CONFIRM=1 publishes gist
[exit=0]
[banked] daemon alive (1 proc)
[SUPERLOOPV3] recalled=250 new=0 dominant=other drift_alerts=1
[held] dashboard written locally; CONFIRM=1 publishes gist
[exit=0]
[banked] daemon alive (1 proc)
[SUPERLOOPV3] recalled=250 new=0 dominant=other drift_alerts=1
[held] dashboard written locally; CONFIRM=1 publishes gist
[exit=0]
[banked] daemon alive (1 proc)
[SUPERLOOPV3] recalled=250 new=0 dominant=other drift_alerts=1
[held] dashboard written locally; CONFIRM=1 publishes gist
[exit=0]
[banked] daemon alive (1 proc)
[SUPERLOOPV3] recalled=250 new=0 dominant=other drift_alerts=1
[held] dashboard written locally; CONFIRM=1 publishes gist
[exit=0]
[banked] daemon alive (1 proc)
[SUPERLOOPV3] recalled=250 new=186 dominant=other drift_alerts=1
[held] dashboard written locally; CONFIRM=1 publishes gist
[exit=0]
[banked] daemon alive (1 proc)
[SUPERLOOPV3] recalled=250 new=132 dominant=other drift_alerts=1
[held] dashboard written locally; CONFIRM=1 publishes gist
[exit=0]
[banked] daemon alive (1 proc)
[SUPERLOOPV3] recalled=250 new=67 dominant=other drift_alerts=1
[held] dashboard written locally; CONFIRM=1 publishes gist
[exit=0]
[banked] daemon alive (1 proc)
[SUPERLOOPV3] recalled=250 new=0 dominant=other drift_alerts=1
[held] dashboard written locally; CONFIRM=1 publishes gist
[exit=0]
[banked] daemon alive (1 proc)
[SUPERLOOPV3] recalled=250 new=0 dominant=other drift_alerts=1
[held] dashboard written locally; CONFIRM=1 publishes gist
[exit=0]
[banked] daemon alive (1 proc)
[SUPERLOOPV3] recalled=250 new=0 dominant=other drift_alerts=1
[held] dashboard written locally; CONFIRM=1 publishes gist
[exit=0]
[banked] daemon alive (1 proc)
[SUPERLOOPV3] recalled=250 new=0 dominant=other drift_alerts=1
[held] dashboard written locally; CONFIRM=1 publishes gist
[exit=0]
[banked] daemon alive (1 proc)
[SUPERLOOPV3] recalled=250 new=0 dominant=other drift_alerts=1
[held] dashboard written locally; CONFIRM=1 publishes gist
[exit=0]
[banked] daemon alive (1 proc)
[SUPERLOOPV3] recalled=250 new=0 dominant=other drift_alerts=1
[held] dashboard written locally; CONFIRM=1 publishes gist
[exit=0]
[banked] daemon alive (1 proc)
[SUPERLOOPV3] recalled=250 new=0 dominant=other drift_alerts=1
[held] dashboard written locally; CONFIRM=1 publishes gist
[exit=0]
[banked] daemon alive (1 proc)
[SUPERLOOPV3] recalled=250 new=0 dominant=other drift_alerts=1
[held] dashboard written locally; CONFIRM=1 publishes gist
[exit=0]
[banked] daemon alive (1 proc)
[SUPERLOOPV3] recalled=250 new=0 dominant=other drift_alerts=1
[held] dashboard written locally; CONFIRM=1 publishes gist
[exit=0]
[banked] daemon alive (1 proc)
[SUPERLOOPV3] recalled=250 new=0 dominant=other drift_alerts=1
[held] dashboard written locally; CONFIRM=1 publishes gist
[exit=0]
[banked] daemon alive (1 proc)
[SUPERLOOPV3] recalled=250 new=0 dominant=other drift_alerts=1
[held] dashboard written locally; CONFIRM=1 publishes gist
[exit=0]
[banked] daemon alive (1 proc)
[SUPERLOOPV3] recalled=250 new=0 dominant=other drift_alerts=1
[held] dashboard written locally; CONFIRM=1 publishes gist
[exit=0]
[banked] daemon alive (1 proc)
[SUPERLOOPV3] recalled=250 new=0 dominant=other drift_alerts=1
[held] dashboard written locally; CONFIRM=1 publishes gist
[exit=0]
[banked] daemon alive (1 proc)
[SUPERLOOPV3] recalled=250 new=0 dominant=other drift_alerts=1
[held] dashboard written locally; CONFIRM=1 publishes gist
[exit=0]
[banked] daemon alive (1 proc)
[SUPERLOOPV3] recalled=250 new=0 dominant=other drift_alerts=1
[held] dashboard written locally; CONFIRM=1 publishes gist
[exit=0]
[banked] daemon alive (1 proc)
[SUPERLOOPV3] recalled=250 new=204 dominant=other drift_alerts=1
[held] dashboard written locally; CONFIRM=1 publishes gist
[exit=0]
[banked] daemon alive (1 proc)
[SUPERLOOPV3] recalled=250 new=0 dominant=other drift_alerts=1
[held] dashboard written locally; CONFIRM=1 publishes gist
[exit=0]
[banked] daemon alive (1 proc)
[SUPERLOOPV3] recalled=250 new=89 dominant=other drift_alerts=1
[held] dashboard written locally; CONFIRM=1 publishes gist
[exit=0]
[banked] daemon alive (1 proc)
[SUPERLOOPV3] recalled=250 new=0 dominant=other drift_alerts=1
[held] dashboard written locally; CONFIRM=1 publishes gist
[exit=0]
[banked] daemon alive (1 proc)
[SUPERLOOPV3] recalled=250 new=0 dominant=other drift_alerts=1
[held] dashboard written locally; CONFIRM=1 publishes gist
[exit=0]
[banked] daemon alive (1 proc)
[SUPERLOOPV3] recalled=250 new=0 dominant=other drift_alerts=1
[held] dashboard written locally; CONFIRM=1 publishes gist
[exit=0]
[banked] daemon alive (1 proc)
[SUPERLOOPV3] recalled=250 new=68 dominant=other drift_alerts=1
[held] dashboard written locally; CONFIRM=1 publishes gist
[exit=0]
[banked] daemon alive (1 proc)
[SUPERLOOPV3] recalled=250 new=0 dominant=other drift_alerts=1
[held] dashboard written locally; CONFIRM=1 publishes gist
[exit=0]
[banked] daemon alive (1 proc)
[SUPERLOOPV3] recalled=250 new=57 dominant=other drift_alerts=1
[held] dashboard written locally; CONFIRM=1 publishes gist
[exit=0]
[banked] daemon alive (1 proc)
[SUPERLOOPV3] recalled=250 new=47 dominant=other drift_alerts=1
[held] dashboard written locally; CONFIRM=1 publishes gist
[exit=0]
[banked] daemon alive (1 proc)
[SUPERLOOPV3] recalled=250 new=0 dominant=other drift_alerts=1
[held] dashboard written locally; CONFIRM=1 publishes gist
[exit=0]
[banked] daemon alive (1 proc)
[SUPERLOOPV3] recalled=250 new=0 dominant=other drift_alerts=1
[held] dashboard written locally; CONFIRM=1 publishes gist
[exit=0]
[banked] daemon alive (1 proc)
[SUPERLOOPV3] recalled=250 new=0 dominant=other drift_alerts=1
[held] dashboard written locally; CONFIRM=1 publishes gist
[exit=0]
[banked] daemon alive (1 proc)
[SUPERLOOPV3] recalled=250 new=0 dominant=other drift_alerts=1
[held] dashboard written locally; CONFIRM=1 publishes gist
[exit=0]
[banked] daemon alive (1 proc)
[SUPERLOOPV3] recalled=250 new=0 dominant=other drift_alerts=1
[held] dashboard written locally; CONFIRM=1 publishes gist
[exit=0]
[banked] daemon alive (1 proc)
[SUPERLOOPV3] recalled=250 new=0 dominant=other drift_alerts=1
[held] dashboard written locally; CONFIRM=1 publishes gist
[exit=0]
[banked] daemon alive (1 proc)
[SUPERLOOPV3] recalled=250 new=0 dominant=other drift_alerts=1
[held] dashboard written locally; CONFIRM=1 publishes gist
[exit=0]
[banked] daemon alive (1 proc)
[SUPERLOOPV3] recalled=250 new=0 dominant=other drift_alerts=1
[held] dashboard written locally; CONFIRM=1 publishes gist
[exit=0]
[banked] daemon alive (1 proc)
[SUPERLOOPV3] recalled=250 new=0 dominant=other drift_alerts=1
[held] dashboard written locally; CONFIRM=1 publishes gist
[exit=0]
[banked] daemon alive (1 proc)
[SUPERLOOPV3] recalled=250 new=0 dominant=other drift_alerts=1
[held] dashboard written locally; CONFIRM=1 publishes gist
[exit=0]
[banked] daemon alive (1 proc)
[SUPERLOOPV3] recalled=250 new=0 dominant=other drift_alerts=1
[held] dashboard written locally; CONFIRM=1 publishes gist
[exit=0]
[banked] daemon alive (1 proc)
[SUPERLOOPV3] recalled=250 new=0 dominant=other drift_alerts=1
[held] dashboard written locally; CONFIRM=1 publishes gist
[exit=0]
[banked] daemon alive (1 proc)
[SUPERLOOPV3] recalled=250 new=0 dominant=other drift_alerts=1
[held] dashboard written locally; CONFIRM=1 publishes gist
[exit=0]
[banked] daemon alive (1 proc)
[SUPERLOOPV3] recalled=250 new=0 dominant=other drift_alerts=1
[held] dashboard written locally; CONFIRM=1 publishes gist
[exit=0]
[banked] daemon alive (1 proc)
[SUPERLOOPV3] recalled=250 new=0 dominant=other drift_alerts=1
[held] dashboard written locally; CONFIRM=1 publishes gist
[exit=0]
[banked] daemon alive (1 proc)
[SUPERLOOPV3] recalled=250 new=0 dominant=other drift_alerts=1
[held] dashboard written locally; CONFIRM=1 publishes gist
[exit=0]
[banked] daemon respawned -> /home/jesse/openroot/logs/bot_20260927_144514.log
[SUPERLOOPV3] recalled=250 new=0 dominant=other drift_alerts=1
[held] dashboard written locally; CONFIRM=1 publishes gist
[exit=0]
[banked] daemon alive (1 proc)
[SUPERLOOPV3] recalled=250 new=94 dominant=other drift_alerts=1
[held] dashboard written locally; CONFIRM=1 publishes gist
[exit=0]
[banked] daemon alive (1 proc)
[SUPERLOOPV3] recalled=250 new=0 dominant=other drift_alerts=1
[held] dashboard written locally; CONFIRM=1 publishes gist
[exit=0]
[banked] daemon alive (1 proc)
[SUPERLOOPV3] recalled=250 new=4 dominant=other drift_alerts=1
[held] dashboard written locally; CONFIRM=1 publishes gist
[exit=0]
[banked] daemon alive (1 proc)
[SUPERLOOPV3] recalled=250 new=0 dominant=other drift_alerts=1
[held] dashboard written locally; CONFIRM=1 publishes gist
[exit=0]
[banked] daemon alive (1 proc)
[SUPERLOOPV3] recalled=250 new=0 dominant=other drift_alerts=1
[held] dashboard written locally; CONFIRM=1 publishes gist
[exit=0]
[banked] daemon alive (1 proc)
[SUPERLOOPV3] recalled=250 new=0 dominant=other drift_alerts=1
[held] dashboard written locally; CONFIRM=1 publishes gist
[exit=0]
[banked] daemon alive (1 proc)
[SUPERLOOPV3] recalled=250 new=0 dominant=other drift_alerts=1
[held] dashboard written locally; CONFIRM=1 publishes gist
[exit=0]
[banked] daemon alive (1 proc)
[SUPERLOOPV3] recalled=250 new=0 dominant=other drift_alerts=1
[held] dashboard written locally; CONFIRM=1 publishes gist
[exit=0]
[banked] daemon alive (1 proc)
[SUPERLOOPV3] recalled=250 new=0 dominant=other drift_alerts=1
[held] dashboard written locally; CONFIRM=1 publishes gist
[exit=0]
[banked] daemon alive (1 proc)
[SUPERLOOPV3] recalled=250 new=0 dominant=other drift_alerts=1
[held] dashboard written locally; CONFIRM=1 publishes gist
[exit=0]
[banked] daemon alive (1 proc)
[SUPERLOOPV3] recalled=250 new=0 dominant=other drift_alerts=1
[held] dashboard written locally; CONFIRM=1 publishes gist
[exit=0]
[banked] daemon alive (1 proc)
[SUPERLOOPV3] recalled=250 new=0 dominant=other drift_alerts=1
[held] dashboard written locally; CONFIRM=1 publishes gist
[exit=0]
[banked] daemon alive (1 proc)
[SUPERLOOPV3] recalled=250 new=0 dominant=other drift_alerts=1
[held] dashboard written locally; CONFIRM=1 publishes gist
[exit=0]
[banked] daemon alive (1 proc)
[SUPERLOOPV3] recalled=250 new=0 dominant=other drift_alerts=1
[held] dashboard written locally; CONFIRM=1 publishes gist
[exit=0]
[banked] daemon alive (1 proc)
[SUPERLOOPV3] recalled=250 new=0 dominant=other drift_alerts=1
[held] dashboard written locally; CONFIRM=1 publishes gist
[exit=0]
[banked] daemon alive (1 proc)
[SUPERLOOPV3] recalled=250 new=0 dominant=other drift_alerts=1
[held] dashboard written locally; CONFIRM=1 publishes gist
[exit=0]
[banked] daemon alive (1 proc)
[SUPERLOOPV3] recalled=250 new=1 dominant=other drift_alerts=1
[held] dashboard written locally; CONFIRM=1 publishes gist
[exit=0]
[banked] daemon alive (1 proc)
[SUPERLOOPV3] recalled=250 new=0 dominant=other drift_alerts=1
[held] dashboard written locally; CONFIRM=1 publishes gist
[exit=0]
[banked] daemon alive (1 proc)
[SUPERLOOPV3] recalled=250 new=0 dominant=other drift_alerts=1
[held] dashboard written locally; CONFIRM=1 publishes gist
[exit=0]
[banked] daemon alive (1 proc)
[SUPERLOOPV3] recalled=250 new=0 dominant=other drift_alerts=1
[held] dashboard written locally; CONFIRM=1 publishes gist
[exit=0]
[banked] daemon alive (1 proc)
[SUPERLOOPV3] recalled=250 new=0 dominant=other drift_alerts=1
[held] dashboard written locally; CONFIRM=1 publishes gist
[exit=0]
[banked] daemon alive (1 proc)
[SUPERLOOPV3] recalled=250 new=0 dominant=other drift_alerts=1
[held] dashboard written locally; CONFIRM=1 publishes gist
[exit=0]
[banked] daemon alive (1 proc)
[SUPERLOOPV3] recalled=250 new=0 dominant=other drift_alerts=1
[held] dashboard written locally; CONFIRM=1 publishes gist
[exit=0]
[banked] daemon alive (1 proc)
[SUPERLOOPV3] recalled=250 new=0 dominant=other drift_alerts=1
[held] dashboard written locally; CONFIRM=1 publishes gist
[exit=0]
[banked] daemon alive (1 proc)
[SUPERLOOPV3] recalled=250 new=0 dominant=other drift_alerts=1
[held] dashboard written locally; CONFIRM=1 publishes gist
[exit=0]
[banked] daemon alive (1 proc)
[SUPERLOOPV3] recalled=250 new=0 dominant=other drift_alerts=1
[held] dashboard written locally; CONFIRM=1 publishes gist
[exit=0]
[banked] daemon alive (1 proc)
[SUPERLOOPV3] recalled=250 new=0 dominant=other drift_alerts=1
[held] dashboard written locally; CONFIRM=1 publishes gist
[exit=0]
[banked] daemon alive (1 proc)
[SUPERLOOPV3] recalled=250 new=28 dominant=other drift_alerts=1
[held] dashboard written locally; CONFIRM=1 publishes gist
[exit=0]
[banked] daemon alive (1 proc)
[SUPERLOOPV3] recalled=250 new=211 dominant=other drift_alerts=1
[held] dashboard written locally; CONFIRM=1 publishes gist
[exit=0]
[banked] daemon alive (1 proc)
[SUPERLOOPV3] recalled=250 new=76 dominant=other drift_alerts=1
[held] dashboard written locally; CONFIRM=1 publishes gist
[exit=0]
[banked] daemon alive (1 proc)
[SUPERLOOPV3] recalled=250 new=0 dominant=other drift_alerts=1
[held] dashboard written locally; CONFIRM=1 publishes gist
[exit=0]
[banked] daemon alive (1 proc)
[SUPERLOOPV3] recalled=250 new=0 dominant=other drift_alerts=1
[held] dashboard written locally; CONFIRM=1 publishes gist
[exit=0]
[banked] daemon alive (1 proc)
[SUPERLOOPV3] recalled=250 new=166 dominant=other drift_alerts=1
[held] dashboard written locally; CONFIRM=1 publishes gist
[exit=0]
[banked] daemon alive (1 proc)
[SUPERLOOPV3] recalled=250 new=4 dominant=other drift_alerts=1
[held] dashboard written locally; CONFIRM=1 publishes gist
[exit=0]
[banked] daemon alive (1 proc)
[SUPERLOOPV3] recalled=250 new=0 dominant=other drift_alerts=1
[held] dashboard written locally; CONFIRM=1 publishes gist
[exit=0]
[banked] daemon alive (1 proc)
[SUPERLOOPV3] recalled=250 new=0 dominant=other drift_alerts=1
[held] dashboard written locally; CONFIRM=1 publishes gist
[exit=0]
[banked] daemon alive (1 proc)
[SUPERLOOPV3] recalled=250 new=98 dominant=other drift_alerts=1
[held] dashboard written locally; CONFIRM=1 publishes gist
[exit=0]
[banked] daemon alive (1 proc)
[SUPERLOOPV3] recalled=250 new=149 dominant=other drift_alerts=1
[held] dashboard written locally; CONFIRM=1 publishes gist
[exit=0]
[banked] daemon alive (1 proc)
[SUPERLOOPV3] recalled=250 new=41 dominant=other drift_alerts=1
[held] dashboard written locally; CONFIRM=1 publishes gist
[exit=0]
[banked] daemon alive (1 proc)
[SUPERLOOPV3] recalled=250 new=0 dominant=other drift_alerts=1
[held] dashboard written locally; CONFIRM=1 publishes gist
[exit=0]
[banked] daemon alive (1 proc)
[SUPERLOOPV3] recalled=250 new=0 dominant=other drift_alerts=1
[held] dashboard written locally; CONFIRM=1 publishes gist
[exit=0]
[banked] daemon alive (1 proc)
[SUPERLOOPV3] recalled=250 new=0 dominant=other drift_alerts=1
[held] dashboard written locally; CONFIRM=1 publishes gist
[exit=0]
[banked] daemon alive (1 proc)
[SUPERLOOPV3] recalled=250 new=0 dominant=other drift_alerts=1
[held] dashboard written locally; CONFIRM=1 publishes gist
[exit=0]
[banked] daemon alive (1 proc)
[SUPERLOOPV3] recalled=250 new=0 dominant=other drift_alerts=1
[held] dashboard written locally; CONFIRM=1 publishes gist
[exit=0]
[banked] daemon alive (1 proc)
[SUPERLOOPV3] recalled=250 new=0 dominant=other drift_alerts=1
[held] dashboard written locally; CONFIRM=1 publishes gist
[exit=0]
[banked] daemon alive (1 proc)
[SUPERLOOPV3] recalled=250 new=183 dominant=other drift_alerts=1
[held] dashboard written locally; CONFIRM=1 publishes gist
[exit=0]
[banked] daemon alive (1 proc)
[SUPERLOOPV3] recalled=250 new=0 dominant=other drift_alerts=1
[held] dashboard written locally; CONFIRM=1 publishes gist
[exit=0]
[banked] daemon alive (1 proc)
[SUPERLOOPV3] recalled=250 new=30 dominant=other drift_alerts=1
[held] dashboard written locally; CONFIRM=1 publishes gist
[exit=0]
[banked] daemon alive (1 proc)
[SUPERLOOPV3] recalled=250 new=0 dominant=other drift_alerts=1
[held] dashboard written locally; CONFIRM=1 publishes gist
[exit=0]
[banked] daemon alive (1 proc)
[SUPERLOOPV3] recalled=250 new=0 dominant=other drift_alerts=1
[held] dashboard written locally; CONFIRM=1 publishes gist
[exit=0]
[banked] daemon alive (1 proc)
[SUPERLOOPV3] recalled=250 new=0 dominant=other drift_alerts=1
[held] dashboard written locally; CONFIRM=1 publishes gist
[exit=0]
[banked] daemon alive (1 proc)
[SUPERLOOPV3] recalled=250 new=0 dominant=other drift_alerts=1
[held] dashboard written locally; CONFIRM=1 publishes gist
[exit=0]
[banked] daemon alive (1 proc)
[SUPERLOOPV3] recalled=250 new=0 dominant=other drift_alerts=1
[held] dashboard written locally; CONFIRM=1 publishes gist
[exit=0]
[banked] daemon alive (1 proc)
[SUPERLOOPV3] recalled=250 new=99 dominant=other drift_alerts=1
[held] dashboard written locally; CONFIRM=1 publishes gist
[exit=0]
[banked] daemon alive (1 proc)
[SUPERLOOPV3] recalled=250 new=1 dominant=other drift_alerts=1
[held] dashboard written locally; CONFIRM=1 publishes gist
[exit=0]
[banked] daemon alive (1 proc)
[SUPERLOOPV3] recalled=250 new=0 dominant=other drift_alerts=1
[held] dashboard written locally; CONFIRM=1 publishes gist
[exit=0]
[banked] daemon alive (1 proc)
[SUPERLOOPV3] recalled=250 new=0 dominant=other drift_alerts=1
[held] dashboard written locally; CONFIRM=1 publishes gist
[exit=0]
[banked] daemon alive (1 proc)
[SUPERLOOPV3] recalled=250 new=150 dominant=other drift_alerts=1
[held] dashboard written locally; CONFIRM=1 publishes gist
[exit=0]
[banked] daemon alive (1 proc)
[SUPERLOOPV3] recalled=250 new=0 dominant=other drift_alerts=1
[held] dashboard written locally; CONFIRM=1 publishes gist
[exit=0]
[banked] daemon alive (1 proc)
[SUPERLOOPV3] recalled=250 new=0 dominant=other drift_alerts=1
[held] dashboard written locally; CONFIRM=1 publishes gist
[exit=0]
[banked] daemon alive (1 proc)
[SUPERLOOPV3] recalled=250 new=184 dominant=other drift_alerts=1
[held] dashboard written locally; CONFIRM=1 publishes gist
[exit=0]
[banked] daemon alive (1 proc)
[SUPERLOOPV3] recalled=250 new=3 dominant=other drift_alerts=1
[held] dashboard written locally; CONFIRM=1 publishes gist
[exit=0]
[banked] daemon alive (1 proc)
[SUPERLOOPV3] recalled=250 new=0 dominant=other drift_alerts=1
[held] dashboard written locally; CONFIRM=1 publishes gist
[exit=0]
[banked] daemon alive (1 proc)
[SUPERLOOPV3] recalled=250 new=0 dominant=other drift_alerts=1
[held] dashboard written locally; CONFIRM=1 publishes gist
[exit=0]
[banked] daemon alive (1 proc)
[SUPERLOOPV3] recalled=250 new=191 dominant=other drift_alerts=1
[held] dashboard written locally; CONFIRM=1 publishes gist
[exit=0]
[banked] daemon alive (1 proc)
[SUPERLOOPV3] recalled=250 new=1 dominant=other drift_alerts=1
[held] dashboard written locally; CONFIRM=1 publishes gist
[exit=0]
[banked] daemon alive (1 proc)
[SUPERLOOPV3] recalled=250 new=198 dominant=other drift_alerts=1
[held] dashboard written locally; CONFIRM=1 publishes gist
[exit=0]
[banked] daemon alive (1 proc)
[SUPERLOOPV3] recalled=250 new=0 dominant=other drift_alerts=1
[held] dashboard written locally; CONFIRM=1 publishes gist
[exit=0]
[banked] daemon alive (1 proc)
[SUPERLOOPV3] recalled=250 new=87 dominant=other drift_alerts=1
[held] dashboard written locally; CONFIRM=1 publishes gist
[exit=0]
[banked] daemon alive (1 proc)
[SUPERLOOPV3] recalled=250 new=122 dominant=other drift_alerts=1
[held] dashboard written locally; CONFIRM=1 publishes gist
[exit=0]
[banked] daemon alive (1 proc)
[SUPERLOOPV3] recalled=250 new=180 dominant=other drift_alerts=1
[held] dashboard written locally; CONFIRM=1 publishes gist
[exit=0]
[banked] daemon alive (1 proc)
[SUPERLOOPV3] recalled=250 new=2 dominant=other drift_alerts=1
[held] dashboard written locally; CONFIRM=1 publishes gist
[exit=0]
[banked] daemon alive (1 proc)
[SUPERLOOPV3] recalled=250 new=0 dominant=other drift_alerts=1
[held] dashboard written locally; CONFIRM=1 publishes gist
[exit=0]
[banked] daemon alive (1 proc)
[SUPERLOOPV3] recalled=250 new=0 dominant=other drift_alerts=1
[held] dashboard written locally; CONFIRM=1 publishes gist
[exit=0]
[banked] daemon alive (1 proc)
[SUPERLOOPV3] recalled=250 new=0 dominant=other drift_alerts=1
[held] dashboard written locally; CONFIRM=1 publishes gist
[exit=0]
[banked] daemon alive (1 proc)
[SUPERLOOPV3] recalled=250 new=0 dominant=other drift_alerts=1
[held] dashboard written locally; CONFIRM=1 publishes gist
[exit=0]
[banked] daemon alive (1 proc)
[SUPERLOOPV3] recalled=250 new=0 dominant=other drift_alerts=1
[held] dashboard written locally; CONFIRM=1 publishes gist
[exit=0]
[banked] daemon alive (1 proc)
[SUPERLOOPV3] recalled=250 new=0 dominant=other drift_alerts=1
[held] dashboard written locally; CONFIRM=1 publishes gist
[exit=0]
[banked] daemon alive (1 proc)
[SUPERLOOPV3] recalled=250 new=0 dominant=other drift_alerts=1
[held] dashboard written locally; CONFIRM=1 publishes gist
[exit=0]
[banked] daemon alive (1 proc)
[SUPERLOOPV3] recalled=250 new=0 dominant=other drift_alerts=1
[held] dashboard written locally; CONFIRM=1 publishes gist
[exit=0]
[banked] daemon alive (1 proc)
[SUPERLOOPV3] recalled=250 new=0 dominant=other drift_alerts=1
[held] dashboard written locally; CONFIRM=1 publishes gist
[exit=0]
[banked] daemon alive (1 proc)
[SUPERLOOPV3] recalled=250 new=0 dominant=other drift_alerts=1
[held] dashboard written locally; CONFIRM=1 publishes gist
[exit=0]
[banked] daemon alive (1 proc)
[SUPERLOOPV3] recalled=250 new=0 dominant=other drift_alerts=1
[held] dashboard written locally; CONFIRM=1 publishes gist
[exit=0]
[banked] daemon alive (1 proc)
[SUPERLOOPV3] recalled=250 new=0 dominant=other drift_alerts=1
[held] dashboard written locally; CONFIRM=1 publishes gist
[exit=0]
[banked] daemon alive (1 proc)
[SUPERLOOPV3] recalled=250 new=0 dominant=other drift_alerts=1
[held] dashboard written locally; CONFIRM=1 publishes gist
[exit=0]
[banked] daemon alive (1 proc)
[SUPERLOOPV3] recalled=250 new=0 dominant=other drift_alerts=1
[held] dashboard written locally; CONFIRM=1 publishes gist
[exit=0]
[banked] daemon alive (1 proc)
[SUPERLOOPV3] recalled=250 new=0 dominant=other drift_alerts=1
[held] dashboard written locally; CONFIRM=1 publishes gist
[exit=0]
[banked] daemon alive (1 proc)
[SUPERLOOPV3] recalled=250 new=0 dominant=other drift_alerts=1
[held] dashboard written locally; CONFIRM=1 publishes gist
[exit=0]
[banked] daemon alive (1 proc)
[SUPERLOOPV3] recalled=250 new=0 dominant=other drift_alerts=1
[held] dashboard written locally; CONFIRM=1 publishes gist
[exit=0]
[banked] daemon alive (1 proc)
[SUPERLOOPV3] recalled=250 new=0 dominant=other drift_alerts=1
[held] dashboard written locally; CONFIRM=1 publishes gist
[exit=0]
[banked] daemon alive (1 proc)
[SUPERLOOPV3] recalled=250 new=0 dominant=other drift_alerts=1
[held] dashboard written locally; CONFIRM=1 publishes gist
[exit=0]
[banked] daemon alive (1 proc)
[SUPERLOOPV3] recalled=250 new=0 dominant=other drift_alerts=1
[held] dashboard written locally; CONFIRM=1 publishes gist
[exit=0]
[banked] daemon alive (1 proc)
[SUPERLOOPV3] recalled=250 new=0 dominant=other drift_alerts=1
[held] dashboard written locally; CONFIRM=1 publishes gist
[exit=0]
[banked] daemon alive (1 proc)
[SUPERLOOPV3] recalled=250 new=164 dominant=other drift_alerts=1
[held] dashboard written locally; CONFIRM=1 publishes gist
[exit=0]
[banked] daemon alive (1 proc)
[SUPERLOOPV3] recalled=250 new=19 dominant=other drift_alerts=1
[held] dashboard written locally; CONFIRM=1 publishes gist
[exit=0]
[banked] daemon alive (1 proc)
[SUPERLOOPV3] recalled=250 new=109 dominant=other drift_alerts=1
[held] dashboard written locally; CONFIRM=1 publishes gist
[exit=0]
[banked] daemon alive (1 proc)
[SUPERLOOPV3] recalled=250 new=160 dominant=other drift_alerts=1
[held] dashboard written locally; CONFIRM=1 publishes gist
[exit=0]
[banked] daemon alive (1 proc)
[SUPERLOOPV3] recalled=250 new=47 dominant=other drift_alerts=1
[held] dashboard written locally; CONFIRM=1 publishes gist
[exit=0]
[banked] daemon alive (1 proc)
[SUPERLOOPV3] recalled=250 new=0 dominant=other drift_alerts=1
[held] dashboard written locally; CONFIRM=1 publishes gist
[exit=0]
[banked] daemon alive (1 proc)
[SUPERLOOPV3] recalled=250 new=0 dominant=other drift_alerts=1
[held] dashboard written locally; CONFIRM=1 publishes gist
[exit=0]
[banked] daemon alive (1 proc)
[SUPERLOOPV3] recalled=250 new=210 dominant=other drift_alerts=1
[held] dashboard written locally; CONFIRM=1 publishes gist
[exit=0]
[banked] daemon alive (1 proc)
[SUPERLOOPV3] recalled=250 new=1 dominant=other drift_alerts=1
[held] dashboard written locally; CONFIRM=1 publishes gist
[exit=0]
[banked] daemon alive (1 proc)
[SUPERLOOPV3] recalled=250 new=0 dominant=other drift_alerts=1
[held] dashboard written locally; CONFIRM=1 publishes gist
[exit=0]
[banked] daemon alive (1 proc)
[SUPERLOOPV3] recalled=250 new=0 dominant=other drift_alerts=1
[held] dashboard written locally; CONFIRM=1 publishes gist
[exit=0]
[banked] daemon alive (1 proc)
[SUPERLOOPV3] recalled=250 new=0 dominant=other drift_alerts=1
[held] dashboard written locally; CONFIRM=1 publishes gist
[exit=0]
[banked] daemon alive (1 proc)
[SUPERLOOPV3] recalled=250 new=0 dominant=other drift_alerts=1
[held] dashboard written locally; CONFIRM=1 publishes gist
[exit=0]
[banked] daemon alive (1 proc)
[SUPERLOOPV3] recalled=250 new=0 dominant=other drift_alerts=1
[held] dashboard written locally; CONFIRM=1 publishes gist
[exit=0]
[banked] daemon alive (1 proc)
[SUPERLOOPV3] recalled=250 new=0 dominant=other drift_alerts=1
[held] dashboard written locally; CONFIRM=1 publishes gist
[exit=0]
[banked] daemon alive (1 proc)
[SUPERLOOPV3] recalled=250 new=0 dominant=other drift_alerts=1
[held] dashboard written locally; CONFIRM=1 publishes gist
[exit=0]
[banked] daemon alive (1 proc)
[SUPERLOOPV3] recalled=250 new=0 dominant=other drift_alerts=1
[held] dashboard written locally; CONFIRM=1 publishes gist
[exit=0]
[banked] daemon alive (1 proc)
[SUPERLOOPV3] recalled=250 new=0 dominant=other drift_alerts=1
[held] dashboard written locally; CONFIRM=1 publishes gist
[exit=0]
[banked] daemon alive (1 proc)
[SUPERLOOPV3] recalled=250 new=0 dominant=other drift_alerts=1
[held] dashboard written locally; CONFIRM=1 publishes gist
[exit=0]
[banked] daemon alive (1 proc)
[SUPERLOOPV3] recalled=250 new=0 dominant=other drift_alerts=1
[held] dashboard written locally; CONFIRM=1 publishes gist
[exit=0]
[banked] daemon alive (1 proc)
[SUPERLOOPV3] recalled=250 new=191 dominant=other drift_alerts=1
[held] dashboard written locally; CONFIRM=1 publishes gist
[exit=0]
[banked] daemon alive (1 proc)
[SUPERLOOPV3] recalled=250 new=0 dominant=other drift_alerts=1
[held] dashboard written locally; CONFIRM=1 publishes gist
[exit=0]
[banked] daemon alive (1 proc)
[SUPERLOOPV3] recalled=250 new=214 dominant=other drift_alerts=1
[held] dashboard written locally; CONFIRM=1 publishes gist
[exit=0]
[banked] daemon alive (1 proc)
[SUPERLOOPV3] recalled=250 new=2 dominant=other drift_alerts=1
[held] dashboard written locally; CONFIRM=1 publishes gist
[exit=0]
[banked] daemon alive (1 proc)
[SUPERLOOPV3] recalled=250 new=0 dominant=other drift_alerts=1
[held] dashboard written locally; CONFIRM=1 publishes gist
[exit=0]
[banked] daemon alive (1 proc)
[SUPERLOOPV3] recalled=250 new=0 dominant=other drift_alerts=1
[held] dashboard written locally; CONFIRM=1 publishes gist
[exit=0]
[banked] daemon alive (1 proc)
[SUPERLOOPV3] recalled=250 new=0 dominant=other drift_alerts=1
[held] dashboard written locally; CONFIRM=1 publishes gist
[exit=0]
[banked] daemon alive (1 proc)
[SUPERLOOPV3] recalled=250 new=0 dominant=other drift_alerts=1
[held] dashboard written locally; CONFIRM=1 publishes gist
[exit=0]
[banked] daemon alive (1 proc)
[SUPERLOOPV3] recalled=250 new=56 dominant=other drift_alerts=1
[held] dashboard written locally; CONFIRM=1 publishes gist
[exit=0]
[banked] daemon alive (1 proc)
[SUPERLOOPV3] recalled=250 new=0 dominant=other drift_alerts=1
[held] dashboard written locally; CONFIRM=1 publishes gist
[exit=0]
[banked] daemon alive (1 proc)
[SUPERLOOPV3] recalled=250 new=185 dominant=other drift_alerts=1
[held] dashboard written locally; CONFIRM=1 publishes gist
[exit=0]
[banked] daemon alive (1 proc)
[SUPERLOOPV3] recalled=250 new=0 dominant=other drift_alerts=1
[held] dashboard written locally; CONFIRM=1 publishes gist
[exit=0]
[banked] daemon alive (1 proc)
[SUPERLOOPV3] recalled=250 new=0 dominant=other drift_alerts=1
[held] dashboard written locally; CONFIRM=1 publishes gist
[exit=0]
[banked] daemon alive (1 proc)
[SUPERLOOPV3] recalled=250 new=193 dominant=other drift_alerts=1
[held] dashboard written locally; CONFIRM=1 publishes gist
[exit=0]
[banked] daemon alive (1 proc)
[SUPERLOOPV3] recalled=250 new=0 dominant=other drift_alerts=1
[held] dashboard written locally; CONFIRM=1 publishes gist
[exit=0]
[banked] daemon alive (1 proc)
[SUPERLOOPV3] recalled=250 new=0 dominant=other drift_alerts=1
[held] dashboard written locally; CONFIRM=1 publishes gist
[exit=0]
[banked] daemon alive (1 proc)
[SUPERLOOPV3] recalled=250 new=185 dominant=other drift_alerts=1
[held] dashboard written locally; CONFIRM=1 publishes gist
[exit=0]
[banked] daemon alive (1 proc)
[SUPERLOOPV3] recalled=250 new=0 dominant=other drift_alerts=1
[held] dashboard written locally; CONFIRM=1 publishes gist
[exit=0]
[banked] daemon alive (1 proc)
[SUPERLOOPV3] recalled=250 new=0 dominant=other drift_alerts=1
[held] dashboard written locally; CONFIRM=1 publishes gist
[exit=0]
[banked] daemon alive (1 proc)
[SUPERLOOPV3] recalled=250 new=161 dominant=other drift_alerts=1
[held] dashboard written locally; CONFIRM=1 publishes gist
[exit=0]
[banked] daemon alive (1 proc)
[SUPERLOOPV3] recalled=250 new=67 dominant=other drift_alerts=1
[held] dashboard written locally; CONFIRM=1 publishes gist
[exit=0]
[banked] daemon alive (1 proc)
[SUPERLOOPV3] recalled=250 new=127 dominant=other drift_alerts=1
[held] dashboard written locally; CONFIRM=1 publishes gist
[exit=0]
[banked] daemon alive (1 proc)
[SUPERLOOPV3] recalled=250 new=119 dominant=other drift_alerts=1
[held] dashboard written locally; CONFIRM=1 publishes gist
[exit=0]
[banked] daemon alive (1 proc)
[SUPERLOOPV3] recalled=250 new=0 dominant=other drift_alerts=1
[held] dashboard written locally; CONFIRM=1 publishes gist
[exit=0]
[banked] daemon alive (1 proc)
[SUPERLOOPV3] recalled=250 new=170 dominant=other drift_alerts=1
[held] dashboard written locally; CONFIRM=1 publishes gist
[exit=0]
[banked] daemon alive (1 proc)
[SUPERLOOPV3] recalled=250 new=93 dominant=other drift_alerts=1
[held] dashboard written locally; CONFIRM=1 publishes gist
[exit=0]
[banked] daemon alive (1 proc)
[SUPERLOOPV3] recalled=250 new=9 dominant=other drift_alerts=1
[held] dashboard written locally; CONFIRM=1 publishes gist
[exit=0]
[banked] daemon alive (1 proc)
[SUPERLOOPV3] recalled=250 new=131 dominant=other drift_alerts=1
[held] dashboard written locally; CONFIRM=1 publishes gist
[exit=0]
[banked] daemon alive (1 proc)
[SUPERLOOPV3] recalled=250 new=0 dominant=other drift_alerts=1
[held] dashboard written locally; CONFIRM=1 publishes gist
[exit=0]
[banked] daemon alive (1 proc)
[SUPERLOOPV3] recalled=250 new=0 dominant=other drift_alerts=1
[held] dashboard written locally; CONFIRM=1 publishes gist
[exit=0]
[banked] daemon alive (1 proc)
[SUPERLOOPV3] recalled=250 new=0 dominant=other drift_alerts=1
[held] dashboard written locally; CONFIRM=1 publishes gist
[exit=0]
[banked] daemon alive (1 proc)
[SUPERLOOPV3] recalled=250 new=204 dominant=other drift_alerts=1
[held] dashboard written locally; CONFIRM=1 publishes gist
[exit=0]
[banked] daemon alive (1 proc)
[SUPERLOOPV3] recalled=250 new=59 dominant=other drift_alerts=1
[held] dashboard written locally; CONFIRM=1 publishes gist
[exit=0]
[banked] daemon alive (1 proc)
[SUPERLOOPV3] recalled=250 new=0 dominant=other drift_alerts=1
[held] dashboard written locally; CONFIRM=1 publishes gist
[exit=0]
[banked] daemon alive (1 proc)
[SUPERLOOPV3] recalled=250 new=24 dominant=other drift_alerts=1
[held] dashboard written locally; CONFIRM=1 publishes gist
[exit=0]
[banked] daemon alive (1 proc)
[SUPERLOOPV3] recalled=250 new=5 dominant=other drift_alerts=1
[held] dashboard written locally; CONFIRM=1 publishes gist
[exit=0]
[banked] daemon alive (1 proc)
[SUPERLOOPV3] recalled=250 new=0 dominant=other drift_alerts=1
[held] dashboard written locally; CONFIRM=1 publishes gist
[exit=0]
[banked] daemon alive (1 proc)
[SUPERLOOPV3] recalled=250 new=0 dominant=other drift_alerts=1
[held] dashboard written locally; CONFIRM=1 publishes gist
[exit=0]
[banked] daemon alive (1 proc)
[SUPERLOOPV3] recalled=250 new=0 dominant=other drift_alerts=1
[held] dashboard written locally; CONFIRM=1 publishes gist
[exit=0]
[banked] daemon alive (1 proc)
[SUPERLOOPV3] recalled=250 new=0 dominant=other drift_alerts=1
[held] dashboard written locally; CONFIRM=1 publishes gist
[exit=0]
[banked] daemon alive (1 proc)
[SUPERLOOPV3] recalled=250 new=22 dominant=other drift_alerts=1
[held] dashboard written locally; CONFIRM=1 publishes gist
[exit=0]
[banked] daemon alive (1 proc)
[SUPERLOOPV3] recalled=250 new=177 dominant=other drift_alerts=1
[held] dashboard written locally; CONFIRM=1 publishes gist
[exit=0]
[banked] daemon alive (1 proc)
[SUPERLOOPV3] recalled=250 new=0 dominant=other drift_alerts=1
[held] dashboard written locally; CONFIRM=1 publishes gist
[exit=0]
[banked] daemon alive (1 proc)
[SUPERLOOPV3] recalled=250 new=0 dominant=other drift_alerts=1
[held] dashboard written locally; CONFIRM=1 publishes gist
[exit=0]
[banked] daemon alive (1 proc)
[SUPERLOOPV3] recalled=250 new=0 dominant=other drift_alerts=1
[held] dashboard written locally; CONFIRM=1 publishes gist
[exit=0]
[banked] daemon alive (1 proc)
[SUPERLOOPV3] recalled=250 new=169 dominant=other drift_alerts=1
[held] dashboard written locally; CONFIRM=1 publishes gist
[exit=0]
[banked] daemon alive (1 proc)
[SUPERLOOPV3] recalled=250 new=115 dominant=other drift_alerts=1
[held] dashboard written locally; CONFIRM=1 publishes gist
[exit=0]
[banked] daemon alive (1 proc)
[SUPERLOOPV3] recalled=250 new=198 dominant=other drift_alerts=1
[held] dashboard written locally; CONFIRM=1 publishes gist
[exit=0]
[banked] daemon alive (1 proc)
[SUPERLOOPV3] recalled=250 new=2 dominant=other drift_alerts=1
[held] dashboard written locally; CONFIRM=1 publishes gist
[exit=0]
[banked] daemon alive (1 proc)
[SUPERLOOPV3] recalled=250 new=0 dominant=other drift_alerts=1
[held] dashboard written locally; CONFIRM=1 publishes gist
[exit=0]
[banked] daemon alive (1 proc)
[SUPERLOOPV3] recalled=250 new=0 dominant=other drift_alerts=1
[held] dashboard written locally; CONFIRM=1 publishes gist
[exit=0]
[banked] daemon alive (1 proc)
[SUPERLOOPV3] recalled=250 new=0 dominant=other drift_alerts=1
[held] dashboard written locally; CONFIRM=1 publishes gist
[exit=0]
[banked] daemon alive (1 proc)
[SUPERLOOPV3] recalled=250 new=0 dominant=other drift_alerts=1
[held] dashboard written locally; CONFIRM=1 publishes gist
[exit=0]
[banked] daemon alive (1 proc)
[SUPERLOOPV3] recalled=250 new=0 dominant=other drift_alerts=1
[held] dashboard written locally; CONFIRM=1 publishes gist
[exit=0]
[banked] daemon alive (1 proc)
[SUPERLOOPV3] recalled=250 new=0 dominant=other drift_alerts=1
[held] dashboard written locally; CONFIRM=1 publishes gist
[exit=0]
[banked] daemon alive (1 proc)
[SUPERLOOPV3] recalled=250 new=0 dominant=other drift_alerts=1
[held] dashboard written locally; CONFIRM=1 publishes gist
[exit=0]
[banked] daemon alive (1 proc)
[SUPERLOOPV3] recalled=250 new=0 dominant=other drift_alerts=1
[held] dashboard written locally; CONFIRM=1 publishes gist
[exit=0]
[banked] daemon alive (1 proc)
[SUPERLOOPV3] recalled=250 new=0 dominant=other drift_alerts=1
[held] dashboard written locally; CONFIRM=1 publishes gist
[exit=0]
[banked] daemon alive (1 proc)
[SUPERLOOPV3] recalled=250 new=0 dominant=other drift_alerts=1
[held] dashboard written locally; CONFIRM=1 publishes gist
[exit=0]
[banked] daemon alive (1 proc)
[SUPERLOOPV3] recalled=250 new=0 dominant=other drift_alerts=1
[held] dashboard written locally; CONFIRM=1 publishes gist
[exit=0]
[banked] daemon alive (1 proc)
[SUPERLOOPV3] recalled=250 new=0 dominant=other drift_alerts=1
[held] dashboard written locally; CONFIRM=1 publishes gist
[exit=0]
[banked] daemon alive (1 proc)
[SUPERLOOPV3] recalled=250 new=0 dominant=other drift_alerts=1
[held] dashboard written locally; CONFIRM=1 publishes gist
[exit=0]
[banked] daemon alive (1 proc)
[SUPERLOOPV3] recalled=250 new=0 dominant=other drift_alerts=1
[held] dashboard written locally; CONFIRM=1 publishes gist
[exit=0]
[banked] daemon alive (1 proc)
[SUPERLOOPV3] recalled=250 new=0 dominant=other drift_alerts=1
[held] dashboard written locally; CONFIRM=1 publishes gist
[exit=0]
[banked] daemon alive (1 proc)
[SUPERLOOPV3] recalled=250 new=0 dominant=other drift_alerts=1
[held] dashboard written locally; CONFIRM=1 publishes gist
[exit=0]
[banked] daemon alive (1 proc)
[SUPERLOOPV3] recalled=250 new=0 dominant=other drift_alerts=1
[held] dashboard written locally; CONFIRM=1 publishes gist
[exit=0]
[banked] daemon alive (1 proc)
[SUPERLOOPV3] recalled=250 new=0 dominant=other drift_alerts=1
[held] dashboard written locally; CONFIRM=1 publishes gist
[exit=0]
[banked] daemon alive (1 proc)
[SUPERLOOPV3] recalled=250 new=0 dominant=other drift_alerts=1
[held] dashboard written locally; CONFIRM=1 publishes gist
[exit=0]
[banked] daemon alive (1 proc)
[SUPERLOOPV3] recalled=250 new=0 dominant=other drift_alerts=1
[held] dashboard written locally; CONFIRM=1 publishes gist
[exit=0]
[banked] daemon alive (1 proc)
[SUPERLOOPV3] recalled=250 new=0 dominant=other drift_alerts=1
[held] dashboard written locally; CONFIRM=1 publishes gist
[exit=0]
[banked] daemon alive (1 proc)
[SUPERLOOPV3] recalled=250 new=0 dominant=other drift_alerts=1
[held] dashboard written locally; CONFIRM=1 publishes gist
[exit=0]
[banked] daemon alive (1 proc)
[SUPERLOOPV3] recalled=250 new=0 dominant=other drift_alerts=1
[held] dashboard written locally; CONFIRM=1 publishes gist
[exit=0]
[banked] daemon alive (1 proc)
[SUPERLOOPV3] recalled=250 new=0 dominant=other drift_alerts=1
[held] dashboard written locally; CONFIRM=1 publishes gist
[exit=0]
[banked] daemon alive (1 proc)
[SUPERLOOPV3] recalled=250 new=0 dominant=other drift_alerts=1
[held] dashboard written locally; CONFIRM=1 publishes gist
[exit=0]
[banked] daemon alive (1 proc)
[SUPERLOOPV3] recalled=250 new=0 dominant=other drift_alerts=1
[held] dashboard written locally; CONFIRM=1 publishes gist
[exit=0]
[banked] daemon alive (1 proc)
[SUPERLOOPV3] recalled=250 new=0 dominant=other drift_alerts=1
[held] dashboard written locally; CONFIRM=1 publishes gist
[exit=0]
[banked] daemon alive (1 proc)
[SUPERLOOPV3] recalled=250 new=0 dominant=other drift_alerts=1
[held] dashboard written locally; CONFIRM=1 publishes gist
[exit=0]
[banked] daemon alive (1 proc)
[SUPERLOOPV3] recalled=250 new=0 dominant=other drift_alerts=1
[held] dashboard written locally; CONFIRM=1 publishes gist
[exit=0]
[banked] daemon alive (1 proc)
[SUPERLOOPV3] recalled=250 new=0 dominant=other drift_alerts=1
[held] dashboard written locally; CONFIRM=1 publishes gist
[exit=0]
[banked] daemon alive (1 proc)
[SUPERLOOPV3] recalled=250 new=0 dominant=other drift_alerts=1
[held] dashboard written locally; CONFIRM=1 publishes gist
[exit=0]
[banked] daemon alive (1 proc)
[SUPERLOOPV3] recalled=250 new=0 dominant=other drift_alerts=1
[held] dashboard written locally; CONFIRM=1 publishes gist
[exit=0]
[banked] daemon alive (1 proc)
[SUPERLOOPV3] recalled=250 new=0 dominant=other drift_alerts=1
[held] dashboard written locally; CONFIRM=1 publishes gist
[exit=0]
[banked] daemon alive (1 proc)
[SUPERLOOPV3] recalled=250 new=0 dominant=other drift_alerts=1
[held] dashboard written locally; CONFIRM=1 publishes gist
[exit=0]
[banked] daemon alive (1 proc)
[SUPERLOOPV3] recalled=250 new=0 dominant=other drift_alerts=1
[held] dashboard written locally; CONFIRM=1 publishes gist
[exit=0]
[banked] daemon alive (1 proc)
[SUPERLOOPV3] recalled=250 new=0 dominant=other drift_alerts=1
[held] dashboard written locally; CONFIRM=1 publishes gist
[exit=0]
[banked] daemon alive (1 proc)
[SUPERLOOPV3] recalled=250 new=0 dominant=other drift_alerts=1
[held] dashboard written locally; CONFIRM=1 publishes gist
[exit=0]
[banked] daemon alive (1 proc)
[SUPERLOOPV3] recalled=250 new=0 dominant=other drift_alerts=1
[held] dashboard written locally; CONFIRM=1 publishes gist
[exit=0]
[banked] daemon alive (1 proc)
[SUPERLOOPV3] recalled=250 new=0 dominant=other drift_alerts=1
[held] dashboard written locally; CONFIRM=1 publishes gist
[exit=0]
[banked] daemon alive (1 proc)
[SUPERLOOPV3] recalled=250 new=0 dominant=other drift_alerts=1
[held] dashboard written locally; CONFIRM=1 publishes gist
[exit=0]
[banked] daemon alive (1 proc)
[SUPERLOOPV3] recalled=250 new=0 dominant=other drift_alerts=1
[held] dashboard written locally; CONFIRM=1 publishes gist
[exit=0]
[banked] daemon alive (1 proc)
[SUPERLOOPV3] recalled=250 new=0 dominant=other drift_alerts=1
[held] dashboard written locally; CONFIRM=1 publishes gist
[exit=0]
[banked] daemon alive (1 proc)
[SUPERLOOPV3] recalled=250 new=0 dominant=other drift_alerts=1
[held] dashboard written locally; CONFIRM=1 publishes gist
[exit=0]
[banked] daemon alive (1 proc)
[SUPERLOOPV3] recalled=250 new=0 dominant=other drift_alerts=1
[held] dashboard written locally; CONFIRM=1 publishes gist
[exit=0]
[banked] daemon alive (1 proc)
[SUPERLOOPV3] recalled=250 new=0 dominant=other drift_alerts=1
[held] dashboard written locally; CONFIRM=1 publishes gist
[exit=0]
[banked] daemon alive (1 proc)
[SUPERLOOPV3] recalled=250 new=0 dominant=other drift_alerts=1
[held] dashboard written locally; CONFIRM=1 publishes gist
[exit=0]
[banked] daemon alive (1 proc)
[SUPERLOOPV3] recalled=250 new=0 dominant=other drift_alerts=1
[held] dashboard written locally; CONFIRM=1 publishes gist
[exit=0]
[banked] daemon alive (1 proc)
[SUPERLOOPV3] recalled=250 new=0 dominant=other drift_alerts=1
[held] dashboard written locally; CONFIRM=1 publishes gist
[exit=0]
[banked] daemon alive (1 proc)
[SUPERLOOPV3] recalled=250 new=0 dominant=other drift_alerts=1
[held] dashboard written locally; CONFIRM=1 publishes gist
[exit=0]
[banked] daemon alive (1 proc)
[SUPERLOOPV3] recalled=250 new=11 dominant=other drift_alerts=1
[held] dashboard written locally; CONFIRM=1 publishes gist
[exit=0]
[banked] daemon alive (1 proc)
[SUPERLOOPV3] recalled=250 new=0 dominant=other drift_alerts=1
[held] dashboard written locally; CONFIRM=1 publishes gist
[exit=0]
[banked] daemon alive (1 proc)
[SUPERLOOPV3] recalled=250 new=0 dominant=other drift_alerts=1
[held] dashboard written locally; CONFIRM=1 publishes gist
[exit=0]
[banked] daemon alive (1 proc)
[SUPERLOOPV3] recalled=250 new=0 dominant=other drift_alerts=1
[held] dashboard written locally; CONFIRM=1 publishes gist
[exit=0]
[banked] daemon alive (1 proc)
[SUPERLOOPV3] recalled=250 new=0 dominant=other drift_alerts=1
[held] dashboard written locally; CONFIRM=1 publishes gist
[exit=0]
[banked] daemon alive (1 proc)
[SUPERLOOPV3] recalled=250 new=0 dominant=other drift_alerts=1
[held] dashboard written locally; CONFIRM=1 publishes gist
[exit=0]
[banked] daemon alive (1 proc)
[SUPERLOOPV3] recalled=250 new=0 dominant=other drift_alerts=1
[held] dashboard written locally; CONFIRM=1 publishes gist
[exit=0]
[banked] daemon alive (1 proc)
[SUPERLOOPV3] recalled=250 new=0 dominant=other drift_alerts=1
[held] dashboard written locally; CONFIRM=1 publishes gist
[exit=0]
[banked] daemon alive (1 proc)
[SUPERLOOPV3] recalled=250 new=0 dominant=other drift_alerts=1
[held] dashboard written locally; CONFIRM=1 publishes gist
[exit=0]
[banked] daemon alive (1 proc)
[SUPERLOOPV3] recalled=250 new=0 dominant=other drift_alerts=1
[held] dashboard written locally; CONFIRM=1 publishes gist
[exit=0]
[banked] daemon alive (1 proc)
[SUPERLOOPV3] recalled=250 new=0 dominant=other drift_alerts=1
[held] dashboard written locally; CONFIRM=1 publishes gist
[exit=0]
[banked] daemon alive (1 proc)
[SUPERLOOPV3] recalled=250 new=0 dominant=other drift_alerts=1
[held] dashboard written locally; CONFIRM=1 publishes gist
[exit=0]
[banked] daemon alive (1 proc)
[SUPERLOOPV3] recalled=250 new=0 dominant=other drift_alerts=1
[held] dashboard written locally; CONFIRM=1 publishes gist
[exit=0]
[banked] daemon alive (1 proc)
[SUPERLOOPV3] recalled=250 new=0 dominant=other drift_alerts=1
[held] dashboard written locally; CONFIRM=1 publishes gist
[exit=0]
[banked] daemon alive (1 proc)
[SUPERLOOPV3] recalled=250 new=0 dominant=other drift_alerts=1
[held] dashboard written locally; CONFIRM=1 publishes gist
[exit=0]
[banked] daemon alive (1 proc)
[SUPERLOOPV3] recalled=250 new=0 dominant=other drift_alerts=1
[held] dashboard written locally; CONFIRM=1 publishes gist
[exit=0]
[banked] daemon alive (1 proc)
[SUPERLOOPV3] recalled=250 new=0 dominant=other drift_alerts=1
[held] dashboard written locally; CONFIRM=1 publishes gist
[exit=0]
[banked] daemon alive (1 proc)
[SUPERLOOPV3] recalled=250 new=0 dominant=other drift_alerts=1
[held] dashboard written locally; CONFIRM=1 publishes gist
[exit=0]
[banked] daemon alive (1 proc)
[SUPERLOOPV3] recalled=250 new=0 dominant=other drift_alerts=1
[held] dashboard written locally; CONFIRM=1 publishes gist
[exit=0]
[banked] daemon alive (1 proc)
[SUPERLOOPV3] recalled=250 new=0 dominant=other drift_alerts=1
[held] dashboard written locally; CONFIRM=1 publishes gist
[exit=0]
[banked] daemon alive (1 proc)
[SUPERLOOPV3] recalled=250 new=0 dominant=other drift_alerts=1
[held] dashboard written locally; CONFIRM=1 publishes gist
[exit=0]
[banked] daemon alive (1 proc)
[SUPERLOOPV3] recalled=250 new=39 dominant=other drift_alerts=1
[held] dashboard written locally; CONFIRM=1 publishes gist
[exit=0]
[banked] daemon alive (1 proc)
[SUPERLOOPV3] recalled=250 new=47 dominant=other drift_alerts=1
[held] dashboard written locally; CONFIRM=1 publishes gist
[exit=0]
[banked] daemon alive (1 proc)
[SUPERLOOPV3] recalled=250 new=86 dominant=other drift_alerts=1
[held] dashboard written locally; CONFIRM=1 publishes gist
[exit=0]
[banked] daemon alive (1 proc)
[SUPERLOOPV3] recalled=250 new=31 dominant=other drift_alerts=1
[held] dashboard written locally; CONFIRM=1 publishes gist
[exit=0]
[banked] daemon alive (1 proc)
[SUPERLOOPV3] recalled=250 new=0 dominant=other drift_alerts=1
[held] dashboard written locally; CONFIRM=1 publishes gist
[exit=0]
[banked] daemon alive (1 proc)
[SUPERLOOPV3] recalled=250 new=0 dominant=other drift_alerts=1
[held] dashboard written locally; CONFIRM=1 publishes gist
[exit=0]
[banked] daemon alive (1 proc)
[SUPERLOOPV3] recalled=250 new=151 dominant=other drift_alerts=1
[held] dashboard written locally; CONFIRM=1 publishes gist
[exit=0]
[banked] daemon alive (1 proc)
[SUPERLOOPV3] recalled=250 new=1 dominant=other drift_alerts=1
[held] dashboard written locally; CONFIRM=1 publishes gist
[exit=0]
[banked] daemon alive (1 proc)
[SUPERLOOPV3] recalled=250 new=0 dominant=other drift_alerts=1
[held] dashboard written locally; CONFIRM=1 publishes gist
[exit=0]
[banked] daemon alive (1 proc)
[SUPERLOOPV3] recalled=250 new=0 dominant=other drift_alerts=1
[held] dashboard written locally; CONFIRM=1 publishes gist
[exit=0]
[banked] daemon alive (1 proc)
[SUPERLOOPV3] recalled=250 new=0 dominant=other drift_alerts=1
[held] dashboard written locally; CONFIRM=1 publishes gist
[exit=0]
[banked] daemon alive (1 proc)
[SUPERLOOPV3] recalled=250 new=0 dominant=other drift_alerts=1
[held] dashboard written locally; CONFIRM=1 publishes gist
[exit=0]
[banked] daemon alive (1 proc)
[SUPERLOOPV3] recalled=250 new=0 dominant=other drift_alerts=1
[held] dashboard written locally; CONFIRM=1 publishes gist
[exit=0]
[banked] daemon alive (1 proc)
[SUPERLOOPV3] recalled=250 new=0 dominant=other drift_alerts=1
[held] dashboard written locally; CONFIRM=1 publishes gist
[exit=0]
[banked] daemon alive (1 proc)
[SUPERLOOPV3] recalled=250 new=181 dominant=other drift_alerts=1
[held] dashboard written locally; CONFIRM=1 publishes gist
[exit=0]
[banked] daemon alive (1 proc)
[SUPERLOOPV3] recalled=250 new=2 dominant=other drift_alerts=1
[held] dashboard written locally; CONFIRM=1 publishes gist
[exit=0]
[banked] daemon alive (1 proc)
[SUPERLOOPV3] recalled=250 new=3 dominant=other drift_alerts=1
[held] dashboard written locally; CONFIRM=1 publishes gist
[exit=0]
[banked] daemon alive (1 proc)
[SUPERLOOPV3] recalled=250 new=0 dominant=other drift_alerts=1
[held] dashboard written locally; CONFIRM=1 publishes gist
[exit=0]
[banked] daemon alive (1 proc)
[SUPERLOOPV3] recalled=250 new=0 dominant=other drift_alerts=1
[held] dashboard written locally; CONFIRM=1 publishes gist
[exit=0]
[banked] daemon alive (1 proc)
[SUPERLOOPV3] recalled=250 new=168 dominant=other drift_alerts=1
[held] dashboard written locally; CONFIRM=1 publishes gist
[exit=0]
[banked] daemon alive (1 proc)
[SUPERLOOPV3] recalled=250 new=0 dominant=other drift_alerts=1
[held] dashboard written locally; CONFIRM=1 publishes gist
[exit=0]
[banked] daemon alive (1 proc)
[SUPERLOOPV3] recalled=250 new=3 dominant=other drift_alerts=1
[held] dashboard written locally; CONFIRM=1 publishes gist
[exit=0]
[banked] daemon alive (1 proc)
[SUPERLOOPV3] recalled=250 new=0 dominant=other drift_alerts=1
[held] dashboard written locally; CONFIRM=1 publishes gist
[exit=0]
[banked] daemon alive (1 proc)
[SUPERLOOPV3] recalled=250 new=97 dominant=other drift_alerts=1
[held] dashboard written locally; CONFIRM=1 publishes gist
[exit=0]
[banked] daemon alive (1 proc)
[SUPERLOOPV3] recalled=250 new=0 dominant=other drift_alerts=1
[held] dashboard written locally; CONFIRM=1 publishes gist
[exit=0]
[banked] daemon alive (1 proc)
[SUPERLOOPV3] recalled=250 new=0 dominant=other drift_alerts=1
[held] dashboard written locally; CONFIRM=1 publishes gist
[exit=0]
[banked] daemon alive (1 proc)
[SUPERLOOPV3] recalled=250 new=0 dominant=other drift_alerts=1
[held] dashboard written locally; CONFIRM=1 publishes gist
[exit=0]
[banked] daemon alive (1 proc)
[SUPERLOOPV3] recalled=250 new=0 dominant=other drift_alerts=1
[held] dashboard written locally; CONFIRM=1 publishes gist
[exit=0]
[banked] daemon alive (1 proc)
[SUPERLOOPV3] recalled=250 new=0 dominant=other drift_alerts=1
[held] dashboard written locally; CONFIRM=1 publishes gist
[exit=0]
[banked] daemon alive (1 proc)
[SUPERLOOPV3] recalled=250 new=0 dominant=other drift_alerts=1
[held] dashboard written locally; CONFIRM=1 publishes gist
[exit=0]
[banked] daemon alive (1 proc)
[SUPERLOOPV3] recalled=250 new=0 dominant=other drift_alerts=1
[held] dashboard written locally; CONFIRM=1 publishes gist
[exit=0]
[banked] daemon alive (1 proc)
[SUPERLOOPV3] recalled=250 new=0 dominant=other drift_alerts=1
[held] dashboard written locally; CONFIRM=1 publishes gist
[exit=0]
[banked] daemon alive (1 proc)
[SUPERLOOPV3] recalled=250 new=0 dominant=other drift_alerts=1
[held] dashboard written locally; CONFIRM=1 publishes gist
[exit=0]
[banked] daemon alive (1 proc)
[SUPERLOOPV3] recalled=250 new=0 dominant=other drift_alerts=1
[held] dashboard written locally; CONFIRM=1 publishes gist
[exit=0]
[banked] daemon alive (1 proc)
[SUPERLOOPV3] recalled=250 new=0 dominant=other drift_alerts=1
[held] dashboard written locally; CONFIRM=1 publishes gist
[exit=0]
[banked] daemon alive (1 proc)
[SUPERLOOPV3] recalled=250 new=0 dominant=other drift_alerts=1
[held] dashboard written locally; CONFIRM=1 publishes gist
[exit=0]
[banked] daemon alive (1 proc)
[SUPERLOOPV3] recalled=250 new=0 dominant=other drift_alerts=1
[held] dashboard written locally; CONFIRM=1 publishes gist
[exit=0]
[banked] daemon alive (1 proc)
[SUPERLOOPV3] recalled=250 new=0 dominant=other drift_alerts=1
[held] dashboard written locally; CONFIRM=1 publishes gist
[exit=0]
[banked] daemon alive (1 proc)
[SUPERLOOPV3] recalled=250 new=0 dominant=other drift_alerts=1
[held] dashboard written locally; CONFIRM=1 publishes gist
[exit=0]
[banked] daemon alive (1 proc)
[SUPERLOOPV3] recalled=250 new=0 dominant=other drift_alerts=1
[held] dashboard written locally; CONFIRM=1 publishes gist
[exit=0]
[banked] daemon alive (1 proc)
[SUPERLOOPV3] recalled=250 new=0 dominant=other drift_alerts=1
[held] dashboard written locally; CONFIRM=1 publishes gist
[exit=0]
[banked] daemon alive (1 proc)
[SUPERLOOPV3] recalled=250 new=0 dominant=other drift_alerts=1
[held] dashboard written locally; CONFIRM=1 publishes gist
[exit=0]
[banked] daemon alive (1 proc)
[SUPERLOOPV3] recalled=250 new=0 dominant=other drift_alerts=1
[held] dashboard written locally; CONFIRM=1 publishes gist
[exit=0]
[banked] daemon alive (1 proc)
[SUPERLOOPV3] recalled=250 new=0 dominant=other drift_alerts=1
[held] dashboard written locally; CONFIRM=1 publishes gist
[exit=0]
[banked] daemon alive (1 proc)
[SUPERLOOPV3] recalled=250 new=0 dominant=other drift_alerts=1
[held] dashboard written locally; CONFIRM=1 publishes gist
[exit=0]
[banked] daemon alive (1 proc)
[SUPERLOOPV3] recalled=250 new=0 dominant=other drift_alerts=1
[held] dashboard written locally; CONFIRM=1 publishes gist
[exit=0]
[banked] daemon alive (1 proc)
[SUPERLOOPV3] recalled=250 new=0 dominant=other drift_alerts=1
[held] dashboard written locally; CONFIRM=1 publishes gist
[exit=0]
[banked] daemon alive (1 proc)
[SUPERLOOPV3] recalled=250 new=0 dominant=other drift_alerts=1
[held] dashboard written locally; CONFIRM=1 publishes gist
[exit=0]
[banked] daemon alive (1 proc)
[SUPERLOOPV3] recalled=250 new=0 dominant=other drift_alerts=1
[held] dashboard written locally; CONFIRM=1 publishes gist
[exit=0]
[banked] daemon alive (1 proc)
[SUPERLOOPV3] recalled=250 new=0 dominant=other drift_alerts=1
[held] dashboard written locally; CONFIRM=1 publishes gist
[exit=0]
[banked] daemon alive (1 proc)
[SUPERLOOPV3] recalled=250 new=0 dominant=other drift_alerts=1
[held] dashboard written locally; CONFIRM=1 publishes gist
[exit=0]
[banked] daemon alive (1 proc)
[SUPERLOOPV3] recalled=250 new=0 dominant=other drift_alerts=1
[held] dashboard written locally; CONFIRM=1 publishes gist
[exit=0]
[banked] daemon alive (1 proc)
[SUPERLOOPV3] recalled=250 new=0 dominant=other drift_alerts=1
[held] dashboard written locally; CONFIRM=1 publishes gist
[exit=0]
[banked] daemon alive (1 proc)
[SUPERLOOPV3] recalled=250 new=0 dominant=other drift_alerts=1
[held] dashboard written locally; CONFIRM=1 publishes gist
[exit=0]
[banked] daemon alive (1 proc)
[SUPERLOOPV3] recalled=250 new=0 dominant=other drift_alerts=1
[held] dashboard written locally; CONFIRM=1 publishes gist
[exit=0]
[banked] daemon alive (1 proc)
[SUPERLOOPV3] recalled=250 new=0 dominant=other drift_alerts=1
[held] dashboard written locally; CONFIRM=1 publishes gist
[exit=0]
[banked] daemon alive (1 proc)
[SUPERLOOPV3] recalled=250 new=0 dominant=other drift_alerts=1
[held] dashboard written locally; CONFIRM=1 publishes gist
[exit=0]
[banked] daemon alive (1 proc)
[SUPERLOOPV3] recalled=250 new=0 dominant=other drift_alerts=1
[held] dashboard written locally; CONFIRM=1 publishes gist
[exit=0]
[banked] daemon alive (1 proc)
[SUPERLOOPV3] recalled=250 new=4 dominant=other drift_alerts=1
[held] dashboard written locally; CONFIRM=1 publishes gist
[exit=0]
[banked] daemon alive (1 proc)
[SUPERLOOPV3] recalled=250 new=0 dominant=other drift_alerts=1
[held] dashboard written locally; CONFIRM=1 publishes gist
[exit=0]
[banked] daemon alive (1 proc)
[SUPERLOOPV3] recalled=250 new=0 dominant=other drift_alerts=1
[held] dashboard written locally; CONFIRM=1 publishes gist
[exit=0]
[banked] daemon alive (1 proc)
[SUPERLOOPV3] recalled=250 new=0 dominant=other drift_alerts=1
[held] dashboard written locally; CONFIRM=1 publishes gist
[exit=0]
[banked] daemon alive (1 proc)
[SUPERLOOPV3] recalled=250 new=0 dominant=other drift_alerts=1
[held] dashboard written locally; CONFIRM=1 publishes gist
[exit=0]
[banked] daemon alive (1 proc)
[SUPERLOOPV3] recalled=250 new=0 dominant=other drift_alerts=1
[held] dashboard written locally; CONFIRM=1 publishes gist
[exit=0]
[banked] daemon alive (1 proc)
[SUPERLOOPV3] recalled=250 new=0 dominant=other drift_alerts=1
[held] dashboard written locally; CONFIRM=1 publishes gist
[exit=0]
[banked] daemon alive (1 proc)
[SUPERLOOPV3] recalled=250 new=0 dominant=other drift_alerts=1
[held] dashboard written locally; CONFIRM=1 publishes gist
[exit=0]
[banked] daemon alive (1 proc)
[SUPERLOOPV3] recalled=250 new=0 dominant=other drift_alerts=1
[held] dashboard written locally; CONFIRM=1 publishes gist
[exit=0]
[banked] daemon alive (1 proc)
[SUPERLOOPV3] recalled=250 new=0 dominant=other drift_alerts=1
[held] dashboard written locally; CONFIRM=1 publishes gist
[exit=0]
[banked] daemon alive (1 proc)
[SUPERLOOPV3] recalled=250 new=0 dominant=other drift_alerts=1
[held] dashboard written locally; CONFIRM=1 publishes gist
[exit=0]
[banked] daemon alive (1 proc)
[SUPERLOOPV3] recalled=250 new=0 dominant=other drift_alerts=1
[held] dashboard written locally; CONFIRM=1 publishes gist
[exit=0]
[banked] daemon alive (1 proc)
[SUPERLOOPV3] recalled=250 new=0 dominant=other drift_alerts=1
[held] dashboard written locally; CONFIRM=1 publishes gist
[exit=0]
[banked] daemon alive (1 proc)
[SUPERLOOPV3] recalled=250 new=0 dominant=other drift_alerts=1
[held] dashboard written locally; CONFIRM=1 publishes gist
[exit=0]
[banked] daemon alive (1 proc)
[SUPERLOOPV3] recalled=250 new=0 dominant=other drift_alerts=1
[held] dashboard written locally; CONFIRM=1 publishes gist
[exit=0]
[banked] daemon alive (1 proc)
[SUPERLOOPV3] recalled=250 new=0 dominant=other drift_alerts=1
[held] dashboard written locally; CONFIRM=1 publishes gist
[exit=0]
[banked] daemon alive (1 proc)
[SUPERLOOPV3] recalled=250 new=112 dominant=other drift_alerts=1
[held] dashboard written locally; CONFIRM=1 publishes gist
[exit=0]
[banked] daemon alive (1 proc)
[SUPERLOOPV3] recalled=250 new=0 dominant=other drift_alerts=1
[held] dashboard written locally; CONFIRM=1 publishes gist
[exit=0]
[banked] daemon alive (1 proc)
[SUPERLOOPV3] recalled=250 new=0 dominant=other drift_alerts=1
[held] dashboard written locally; CONFIRM=1 publishes gist
[exit=0]
[banked] daemon alive (1 proc)
[SUPERLOOPV3] recalled=250 new=0 dominant=other drift_alerts=1
[held] dashboard written locally; CONFIRM=1 publishes gist
[exit=0]
[banked] daemon alive (1 proc)
[SUPERLOOPV3] recalled=250 new=0 dominant=other drift_alerts=1
[held] dashboard written locally; CONFIRM=1 publishes gist
[exit=0]
[banked] daemon alive (1 proc)
[SUPERLOOPV3] recalled=250 new=0 dominant=other drift_alerts=1
[held] dashboard written locally; CONFIRM=1 publishes gist
[exit=0]
[banked] daemon alive (1 proc)
[SUPERLOOPV3] recalled=250 new=211 dominant=other drift_alerts=1
[held] dashboard written locally; CONFIRM=1 publishes gist
[exit=0]
[banked] daemon alive (1 proc)
[SUPERLOOPV3] recalled=250 new=0 dominant=other drift_alerts=1
[held] dashboard written locally; CONFIRM=1 publishes gist
[exit=0]
[banked] daemon alive (1 proc)
[SUPERLOOPV3] recalled=250 new=0 dominant=other drift_alerts=1
[held] dashboard written locally; CONFIRM=1 publishes gist
[exit=0]
[banked] daemon alive (1 proc)
[SUPERLOOPV3] recalled=250 new=174 dominant=other drift_alerts=1
[held] dashboard written locally; CONFIRM=1 publishes gist
[exit=0]
[banked] daemon alive (1 proc)
[SUPERLOOPV3] recalled=250 new=0 dominant=other drift_alerts=1
[held] dashboard written locally; CONFIRM=1 publishes gist
[exit=0]
[banked] daemon alive (1 proc)
[SUPERLOOPV3] recalled=250 new=0 dominant=other drift_alerts=1
[held] dashboard written locally; CONFIRM=1 publishes gist
[exit=0]
[banked] daemon alive (1 proc)
[SUPERLOOPV3] recalled=250 new=0 dominant=other drift_alerts=1
[held] dashboard written locally; CONFIRM=1 publishes gist
[exit=0]
[banked] daemon alive (1 proc)
[SUPERLOOPV3] recalled=250 new=0 dominant=other drift_alerts=1
[held] dashboard written locally; CONFIRM=1 publishes gist
[exit=0]
[banked] daemon alive (1 proc)
[SUPERLOOPV3] recalled=250 new=0 dominant=other drift_alerts=1
[held] dashboard written locally; CONFIRM=1 publishes gist
[exit=0]
[banked] daemon alive (1 proc)
[SUPERLOOPV3] recalled=250 new=0 dominant=other drift_alerts=1
[held] dashboard written locally; CONFIRM=1 publishes gist
[exit=0]
[banked] daemon alive (1 proc)
[SUPERLOOPV3] recalled=250 new=0 dominant=other drift_alerts=1
[held] dashboard written locally; CONFIRM=1 publishes gist
[exit=0]
[banked] daemon alive (1 proc)
[SUPERLOOPV3] recalled=250 new=0 dominant=other drift_alerts=1
[held] dashboard written locally; CONFIRM=1 publishes gist
[exit=0]
[banked] daemon alive (1 proc)
[SUPERLOOPV3] recalled=250 new=0 dominant=other drift_alerts=1
[held] dashboard written locally; CONFIRM=1 publishes gist
[exit=0]
[banked] daemon alive (1 proc)
[SUPERLOOPV3] recalled=250 new=0 dominant=other drift_alerts=1
[held] dashboard written locally; CONFIRM=1 publishes gist
[exit=0]
[banked] daemon alive (1 proc)
[SUPERLOOPV3] recalled=250 new=0 dominant=other drift_alerts=1
[held] dashboard written locally; CONFIRM=1 publishes gist
[exit=0]
[banked] daemon alive (1 proc)
[SUPERLOOPV3] recalled=250 new=0 dominant=other drift_alerts=1
[held] dashboard written locally; CONFIRM=1 publishes gist
[exit=0]
[banked] daemon alive (1 proc)
[SUPERLOOPV3] recalled=250 new=0 dominant=other drift_alerts=1
[held] dashboard written locally; CONFIRM=1 publishes gist
[exit=0]
[banked] daemon alive (1 proc)
[SUPERLOOPV3] recalled=250 new=0 dominant=other drift_alerts=1
[held] dashboard written locally; CONFIRM=1 publishes gist
[exit=0]
[banked] daemon alive (1 proc)
[SUPERLOOPV3] recalled=250 new=0 dominant=other drift_alerts=1
[held] dashboard written locally; CONFIRM=1 publishes gist
[exit=0]
[banked] daemon alive (1 proc)
[SUPERLOOPV3] recalled=250 new=0 dominant=other drift_alerts=1
[held] dashboard written locally; CONFIRM=1 publishes gist
[exit=0]
[banked] daemon alive (1 proc)
[SUPERLOOPV3] recalled=250 new=0 dominant=other drift_alerts=1
[held] dashboard written locally; CONFIRM=1 publishes gist
[exit=0]
[banked] daemon alive (1 proc)
[SUPERLOOPV3] recalled=250 new=0 dominant=other drift_alerts=1
[held] dashboard written locally; CONFIRM=1 publishes gist
[exit=0]
[banked] daemon alive (1 proc)
[SUPERLOOPV3] recalled=250 new=0 dominant=other drift_alerts=1
[held] dashboard written locally; CONFIRM=1 publishes gist
[exit=0]
[banked] daemon alive (1 proc)
[SUPERLOOPV3] recalled=250 new=0 dominant=other drift_alerts=1
[held] dashboard written locally; CONFIRM=1 publishes gist
[exit=0]
[banked] daemon alive (1 proc)
[SUPERLOOPV3] recalled=250 new=0 dominant=other drift_alerts=1
[held] dashboard written locally; CONFIRM=1 publishes gist
[exit=0]
[banked] daemon alive (1 proc)
[SUPERLOOPV3] recalled=250 new=0 dominant=other drift_alerts=1
[held] dashboard written locally; CONFIRM=1 publishes gist
[exit=0]
[banked] daemon alive (1 proc)
[SUPERLOOPV3] recalled=250 new=0 dominant=other drift_alerts=1
[held] dashboard written locally; CONFIRM=1 publishes gist
[exit=0]
[banked] daemon alive (1 proc)
[SUPERLOOPV3] recalled=250 new=0 dominant=other drift_alerts=1
[held] dashboard written locally; CONFIRM=1 publishes gist
[exit=0]
[banked] daemon alive (1 proc)
[SUPERLOOPV3] recalled=250 new=0 dominant=other drift_alerts=1
[held] dashboard written locally; CONFIRM=1 publishes gist
[exit=0]
[banked] daemon alive (1 proc)
[SUPERLOOPV3] recalled=250 new=0 dominant=other drift_alerts=1
[held] dashboard written locally; CONFIRM=1 publishes gist
[exit=0]
[banked] daemon alive (1 proc)
[SUPERLOOPV3] recalled=250 new=0 dominant=other drift_alerts=1
[held] dashboard written locally; CONFIRM=1 publishes gist
[exit=0]
[banked] daemon alive (1 proc)
[SUPERLOOPV3] recalled=250 new=0 dominant=other drift_alerts=1
[held] dashboard written locally; CONFIRM=1 publishes gist
[exit=0]
[banked] daemon alive (1 proc)
[SUPERLOOPV3] recalled=250 new=0 dominant=other drift_alerts=1
[held] dashboard written locally; CONFIRM=1 publishes gist
[exit=0]
[banked] daemon alive (1 proc)
[SUPERLOOPV3] recalled=250 new=167 dominant=other drift_alerts=1
[held] dashboard written locally; CONFIRM=1 publishes gist
[exit=0]
[banked] daemon alive (1 proc)
[SUPERLOOPV3] recalled=250 new=84 dominant=other drift_alerts=1
[held] dashboard written locally; CONFIRM=1 publishes gist
[exit=0]
[banked] daemon alive (1 proc)
[SUPERLOOPV3] recalled=250 new=33 dominant=other drift_alerts=1
[held] dashboard written locally; CONFIRM=1 publishes gist
[exit=0]
[banked] daemon alive (1 proc)
[SUPERLOOPV3] recalled=250 new=0 dominant=other drift_alerts=1
[held] dashboard written locally; CONFIRM=1 publishes gist
[exit=0]
[banked] daemon alive (1 proc)
[SUPERLOOPV3] recalled=250 new=0 dominant=other drift_alerts=1
[held] dashboard written locally; CONFIRM=1 publishes gist
[exit=0]
[banked] daemon alive (1 proc)
[SUPERLOOPV3] recalled=250 new=0 dominant=other drift_alerts=1
[held] dashboard written locally; CONFIRM=1 publishes gist
[exit=0]
[banked] daemon alive (1 proc)
[SUPERLOOPV3] recalled=250 new=16 dominant=other drift_alerts=1
[held] dashboard written locally; CONFIRM=1 publishes gist
[exit=0]
[banked] daemon alive (1 proc)
[SUPERLOOPV3] recalled=250 new=0 dominant=other drift_alerts=1
[held] dashboard written locally; CONFIRM=1 publishes gist
[exit=0]
[banked] daemon alive (1 proc)
[SUPERLOOPV3] recalled=250 new=6 dominant=other drift_alerts=1
[held] dashboard written locally; CONFIRM=1 publishes gist
[exit=0]
[banked] daemon alive (1 proc)
[SUPERLOOPV3] recalled=250 new=0 dominant=other drift_alerts=1
[held] dashboard written locally; CONFIRM=1 publishes gist
[exit=0]
[banked] daemon alive (1 proc)
[SUPERLOOPV3] recalled=250 new=0 dominant=other drift_alerts=1
[held] dashboard written locally; CONFIRM=1 publishes gist
[exit=0]
[banked] daemon alive (1 proc)
[SUPERLOOPV3] recalled=250 new=0 dominant=other drift_alerts=1
[held] dashboard written locally; CONFIRM=1 publishes gist
[exit=0]
[banked] daemon alive (1 proc)
[SUPERLOOPV3] recalled=250 new=0 dominant=other drift_alerts=1
[held] dashboard written locally; CONFIRM=1 publishes gist
[exit=0]
[banked] daemon alive (1 proc)
[SUPERLOOPV3] recalled=250 new=0 dominant=other drift_alerts=1
[held] dashboard written locally; CONFIRM=1 publishes gist
[exit=0]
[banked] daemon alive (1 proc)
[SUPERLOOPV3] recalled=250 new=0 dominant=other drift_alerts=1
[held] dashboard written locally; CONFIRM=1 publishes gist
[exit=0]
[banked] daemon alive (1 proc)
[SUPERLOOPV3] recalled=250 new=0 dominant=other drift_alerts=1
[held] dashboard written locally; CONFIRM=1 publishes gist
[exit=0]
[banked] daemon alive (1 proc)
[SUPERLOOPV3] recalled=250 new=0 dominant=other drift_alerts=1
[held] dashboard written locally; CONFIRM=1 publishes gist
[exit=0]
[banked] daemon alive (1 proc)
[SUPERLOOPV3] recalled=250 new=0 dominant=other drift_alerts=1
[held] dashboard written locally; CONFIRM=1 publishes gist
[exit=0]
[banked] daemon alive (1 proc)
[SUPERLOOPV3] recalled=250 new=0 dominant=other drift_alerts=1
[held] dashboard written locally; CONFIRM=1 publishes gist
[exit=0]
[banked] daemon alive (1 proc)
[SUPERLOOPV3] recalled=250 new=0 dominant=other drift_alerts=1
[held] dashboard written locally; CONFIRM=1 publishes gist
[exit=0]
[banked] daemon alive (1 proc)
[SUPERLOOPV3] recalled=250 new=0 dominant=other drift_alerts=1
[held] dashboard written locally; CONFIRM=1 publishes gist
[exit=0]
[banked] daemon alive (1 proc)
[SUPERLOOPV3] recalled=250 new=0 dominant=other drift_alerts=1
[held] dashboard written locally; CONFIRM=1 publishes gist
[exit=0]
[banked] daemon alive (1 proc)
[SUPERLOOPV3] recalled=250 new=0 dominant=other drift_alerts=1
[held] dashboard written locally; CONFIRM=1 publishes gist
[exit=0]
[banked] daemon alive (1 proc)
[SUPERLOOPV3] recalled=250 new=0 dominant=other drift_alerts=1
[held] dashboard written locally; CONFIRM=1 publishes gist
[exit=0]
[banked] daemon alive (1 proc)
[SUPERLOOPV3] recalled=250 new=0 dominant=other drift_alerts=1
[held] dashboard written locally; CONFIRM=1 publishes gist
[exit=0]
[banked] daemon alive (1 proc)
[SUPERLOOPV3] recalled=250 new=0 dominant=other drift_alerts=1
[held] dashboard written locally; CONFIRM=1 publishes gist
[exit=0]
[banked] daemon alive (1 proc)
[SUPERLOOPV3] recalled=250 new=0 dominant=other drift_alerts=1
[held] dashboard written locally; CONFIRM=1 publishes gist
[exit=0]
[banked] daemon alive (1 proc)
[SUPERLOOPV3] recalled=250 new=0 dominant=other drift_alerts=1
[held] dashboard written locally; CONFIRM=1 publishes gist
[exit=0]
[banked] daemon alive (1 proc)
[SUPERLOOPV3] recalled=250 new=0 dominant=other drift_alerts=1
[held] dashboard written locally; CONFIRM=1 publishes gist
[exit=0]
[banked] daemon alive (1 proc)
[SUPERLOOPV3] recalled=250 new=0 dominant=other drift_alerts=1
[held] dashboard written locally; CONFIRM=1 publishes gist
[exit=0]
[banked] daemon alive (1 proc)
[SUPERLOOPV3] recalled=250 new=0 dominant=other drift_alerts=1
[held] dashboard written locally; CONFIRM=1 publishes gist
[exit=0]
[banked] daemon alive (1 proc)
[SUPERLOOPV3] recalled=250 new=0 dominant=other drift_alerts=1
[held] dashboard written locally; CONFIRM=1 publishes gist
[exit=0]
[banked] daemon alive (1 proc)
[SUPERLOOPV3] recalled=250 new=0 dominant=other drift_alerts=1
[held] dashboard written locally; CONFIRM=1 publishes gist
[exit=0]
[banked] daemon alive (1 proc)
[SUPERLOOPV3] recalled=250 new=0 dominant=other drift_alerts=1
[held] dashboard written locally; CONFIRM=1 publishes gist
[exit=0]
[banked] daemon alive (1 proc)
[SUPERLOOPV3] recalled=250 new=0 dominant=other drift_alerts=1
[held] dashboard written locally; CONFIRM=1 publishes gist
[exit=0]
[banked] daemon alive (1 proc)
[SUPERLOOPV3] recalled=250 new=0 dominant=other drift_alerts=1
[held] dashboard written locally; CONFIRM=1 publishes gist
[exit=0]
[banked] daemon alive (1 proc)
[SUPERLOOPV3] recalled=250 new=0 dominant=other drift_alerts=1
[held] dashboard written locally; CONFIRM=1 publishes gist
[exit=0]
[banked] daemon alive (1 proc)
[SUPERLOOPV3] recalled=250 new=0 dominant=other drift_alerts=1
[held] dashboard written locally; CONFIRM=1 publishes gist
[exit=0]
[banked] daemon alive (1 proc)
[SUPERLOOPV3] recalled=250 new=0 dominant=other drift_alerts=1
[held] dashboard written locally; CONFIRM=1 publishes gist
[exit=0]
[banked] daemon alive (1 proc)
[SUPERLOOPV3] recalled=250 new=0 dominant=other drift_alerts=1
[held] dashboard written locally; CONFIRM=1 publishes gist
[exit=0]
[banked] daemon alive (1 proc)
[SUPERLOOPV3] recalled=250 new=0 dominant=other drift_alerts=1
[held] dashboard written locally; CONFIRM=1 publishes gist
[exit=0]
[banked] daemon alive (1 proc)
[SUPERLOOPV3] recalled=250 new=0 dominant=other drift_alerts=1
[held] dashboard written locally; CONFIRM=1 publishes gist
[exit=0]
[banked] daemon alive (1 proc)
[SUPERLOOPV3] recalled=250 new=0 dominant=other drift_alerts=1
[held] dashboard written locally; CONFIRM=1 publishes gist
[exit=0]
[banked] daemon alive (1 proc)
[SUPERLOOPV3] recalled=250 new=0 dominant=other drift_alerts=1
[held] dashboard written locally; CONFIRM=1 publishes gist
[exit=0]
[banked] daemon alive (1 proc)
[SUPERLOOPV3] recalled=250 new=0 dominant=other drift_alerts=1
[held] dashboard written locally; CONFIRM=1 publishes gist
[exit=0]
[banked] daemon alive (1 proc)
[SUPERLOOPV3] recalled=250 new=0 dominant=other drift_alerts=1
[held] dashboard written locally; CONFIRM=1 publishes gist
[exit=0]
[banked] daemon alive (1 proc)
[SUPERLOOPV3] recalled=250 new=0 dominant=other drift_alerts=1
[held] dashboard written locally; CONFIRM=1 publishes gist
[exit=0]
[banked] daemon alive (1 proc)
[SUPERLOOPV3] recalled=250 new=0 dominant=other drift_alerts=1
[held] dashboard written locally; CONFIRM=1 publishes gist
[exit=0]
[banked] daemon alive (1 proc)
[SUPERLOOPV3] recalled=250 new=0 dominant=other drift_alerts=1
[held] dashboard written locally; CONFIRM=1 publishes gist
[exit=0]
[banked] daemon alive (1 proc)
[SUPERLOOPV3] recalled=250 new=0 dominant=other drift_alerts=1
[held] dashboard written locally; CONFIRM=1 publishes gist
[exit=0]
[banked] daemon alive (1 proc)
[SUPERLOOPV3] recalled=250 new=0 dominant=other drift_alerts=1
[held] dashboard written locally; CONFIRM=1 publishes gist
[exit=0]
[banked] daemon alive (1 proc)
[SUPERLOOPV3] recalled=250 new=0 dominant=other drift_alerts=1
[held] dashboard written locally; CONFIRM=1 publishes gist
[exit=0]
[banked] daemon alive (1 proc)
[SUPERLOOPV3] recalled=250 new=33 dominant=other drift_alerts=1
[held] dashboard written locally; CONFIRM=1 publishes gist
[exit=0]
[banked] daemon alive (1 proc)
[SUPERLOOPV3] recalled=250 new=134 dominant=other drift_alerts=1
[held] dashboard written locally; CONFIRM=1 publishes gist
[exit=0]
[banked] daemon alive (1 proc)
[SUPERLOOPV3] recalled=250 new=120 dominant=other drift_alerts=1
[held] dashboard written locally; CONFIRM=1 publishes gist
[exit=0]
[banked] daemon alive (1 proc)
[SUPERLOOPV3] recalled=250 new=87 dominant=other drift_alerts=1
[held] dashboard written locally; CONFIRM=1 publishes gist
[exit=0]
[banked] daemon alive (1 proc)
[SUPERLOOPV3] recalled=250 new=61 dominant=other drift_alerts=1
[held] dashboard written locally; CONFIRM=1 publishes gist
[exit=0]
[banked] daemon alive (1 proc)
[SUPERLOOPV3] recalled=250 new=0 dominant=other drift_alerts=1
[held] dashboard written locally; CONFIRM=1 publishes gist
[exit=0]
[banked] daemon alive (1 proc)
[SUPERLOOPV3] recalled=250 new=2 dominant=other drift_alerts=1
[held] dashboard written locally; CONFIRM=1 publishes gist
[exit=0]
[banked] daemon alive (1 proc)
[SUPERLOOPV3] recalled=250 new=0 dominant=other drift_alerts=1
[held] dashboard written locally; CONFIRM=1 publishes gist
[exit=0]
[banked] daemon alive (1 proc)
[SUPERLOOPV3] recalled=250 new=0 dominant=other drift_alerts=1
[held] dashboard written locally; CONFIRM=1 publishes gist
[exit=0]
[banked] daemon alive (1 proc)
[SUPERLOOPV3] recalled=250 new=0 dominant=other drift_alerts=1
[held] dashboard written locally; CONFIRM=1 publishes gist
[exit=0]
[banked] daemon alive (1 proc)
[SUPERLOOPV3] recalled=250 new=0 dominant=other drift_alerts=1
[held] dashboard written locally; CONFIRM=1 publishes gist
[exit=0]
[banked] daemon alive (1 proc)
[SUPERLOOPV3] recalled=250 new=0 dominant=other drift_alerts=1
[held] dashboard written locally; CONFIRM=1 publishes gist
[exit=0]
[banked] daemon alive (1 proc)
[SUPERLOOPV3] recalled=250 new=0 dominant=other drift_alerts=1
[held] dashboard written locally; CONFIRM=1 publishes gist
[exit=0]
[banked] daemon alive (1 proc)
[SUPERLOOPV3] recalled=250 new=0 dominant=other drift_alerts=1
[held] dashboard written locally; CONFIRM=1 publishes gist
[exit=0]
[banked] daemon alive (1 proc)
[SUPERLOOPV3] recalled=250 new=0 dominant=other drift_alerts=1
[held] dashboard written locally; CONFIRM=1 publishes gist
[exit=0]
[banked] daemon alive (1 proc)
[SUPERLOOPV3] recalled=250 new=0 dominant=other drift_alerts=1
[held] dashboard written locally; CONFIRM=1 publishes gist
[exit=0]
[banked] daemon alive (1 proc)
[SUPERLOOPV3] recalled=250 new=0 dominant=other drift_alerts=1
[held] dashboard written locally; CONFIRM=1 publishes gist
[exit=0]
[banked] daemon alive (1 proc)
[SUPERLOOPV3] recalled=250 new=0 dominant=other drift_alerts=1
[held] dashboard written locally; CONFIRM=1 publishes gist
[exit=0]
[banked] daemon alive (1 proc)
[SUPERLOOPV3] recalled=250 new=0 dominant=other drift_alerts=1
[held] dashboard written locally; CONFIRM=1 publishes gist
[exit=0]
[banked] daemon alive (1 proc)
[SUPERLOOPV3] recalled=250 new=0 dominant=other drift_alerts=1
[held] dashboard written locally; CONFIRM=1 publishes gist
[exit=0]
[banked] daemon alive (1 proc)
[SUPERLOOPV3] recalled=250 new=0 dominant=other drift_alerts=1
[held] dashboard written locally; CONFIRM=1 publishes gist
[exit=0]
[banked] daemon alive (1 proc)
[SUPERLOOPV3] recalled=250 new=0 dominant=other drift_alerts=1
[held] dashboard written locally; CONFIRM=1 publishes gist
[exit=0]
[banked] daemon alive (1 proc)
[SUPERLOOPV3] recalled=250 new=0 dominant=other drift_alerts=1
[held] dashboard written locally; CONFIRM=1 publishes gist
[exit=0]
[banked] daemon alive (1 proc)
[SUPERLOOPV3] recalled=250 new=0 dominant=other drift_alerts=1
[held] dashboard written locally; CONFIRM=1 publishes gist
[exit=0]
[banked] daemon alive (1 proc)
[SUPERLOOPV3] recalled=250 new=0 dominant=other drift_alerts=1
[held] dashboard written locally; CONFIRM=1 publishes gist
[exit=0]
[banked] daemon alive (1 proc)
[SUPERLOOPV3] recalled=250 new=0 dominant=other drift_alerts=1
[held] dashboard written locally; CONFIRM=1 publishes gist
[exit=0]
[banked] daemon alive (1 proc)
[SUPERLOOPV3] recalled=250 new=0 dominant=other drift_alerts=1
[held] dashboard written locally; CONFIRM=1 publishes gist
[exit=0]
[banked] daemon alive (1 proc)
[SUPERLOOPV3] recalled=250 new=0 dominant=other drift_alerts=1
[held] dashboard written locally; CONFIRM=1 publishes gist
[exit=0]
[banked] daemon alive (1 proc)
[SUPERLOOPV3] recalled=250 new=0 dominant=other drift_alerts=1
[held] dashboard written locally; CONFIRM=1 publishes gist
[exit=0]
[banked] daemon alive (1 proc)
[SUPERLOOPV3] recalled=250 new=0 dominant=other drift_alerts=1
[held] dashboard written locally; CONFIRM=1 publishes gist
[exit=0]
[banked] daemon alive (1 proc)
[SUPERLOOPV3] recalled=250 new=0 dominant=other drift_alerts=1
[held] dashboard written locally; CONFIRM=1 publishes gist
[exit=0]
[banked] daemon alive (1 proc)
[SUPERLOOPV3] recalled=250 new=0 dominant=other drift_alerts=1
[held] dashboard written locally; CONFIRM=1 publishes gist
[exit=0]
[banked] daemon alive (1 proc)
[SUPERLOOPV3] recalled=250 new=0 dominant=other drift_alerts=1
[held] dashboard written locally; CONFIRM=1 publishes gist
[exit=0]
[banked] daemon alive (1 proc)
[SUPERLOOPV3] recalled=250 new=0 dominant=other drift_alerts=1
[held] dashboard written locally; CONFIRM=1 publishes gist
[exit=0]
[banked] daemon alive (1 proc)
[SUPERLOOPV3] recalled=250 new=0 dominant=other drift_alerts=1
[held] dashboard written locally; CONFIRM=1 publishes gist
[exit=0]
[banked] daemon alive (1 proc)
[SUPERLOOPV3] recalled=250 new=0 dominant=other drift_alerts=1
[held] dashboard written locally; CONFIRM=1 publishes gist
[exit=0]
[banked] daemon alive (1 proc)
[SUPERLOOPV3] recalled=250 new=0 dominant=other drift_alerts=1
[held] dashboard written locally; CONFIRM=1 publishes gist
[exit=0]
[banked] daemon alive (1 proc)
[SUPERLOOPV3] recalled=250 new=0 dominant=other drift_alerts=1
[held] dashboard written locally; CONFIRM=1 publishes gist
[exit=0]
[banked] daemon alive (1 proc)
[SUPERLOOPV3] recalled=250 new=0 dominant=other drift_alerts=1
[held] dashboard written locally; CONFIRM=1 publishes gist
[exit=0]
[banked] daemon alive (1 proc)
[SUPERLOOPV3] recalled=250 new=0 dominant=other drift_alerts=1
[held] dashboard written locally; CONFIRM=1 publishes gist
[exit=0]
[banked] daemon alive (1 proc)
[SUPERLOOPV3] recalled=250 new=0 dominant=other drift_alerts=1
[held] dashboard written locally; CONFIRM=1 publishes gist
[exit=0]
[banked] daemon alive (1 proc)
[SUPERLOOPV3] recalled=250 new=0 dominant=other drift_alerts=1
[held] dashboard written locally; CONFIRM=1 publishes gist
[exit=0]
[banked] daemon alive (1 proc)
[SUPERLOOPV3] recalled=250 new=0 dominant=other drift_alerts=1
[held] dashboard written locally; CONFIRM=1 publishes gist
[exit=0]
[banked] daemon alive (1 proc)
[SUPERLOOPV3] recalled=250 new=0 dominant=other drift_alerts=1
[held] dashboard written locally; CONFIRM=1 publishes gist
[exit=0]
[banked] daemon alive (1 proc)
[SUPERLOOPV3] recalled=250 new=0 dominant=other drift_alerts=1
[held] dashboard written locally; CONFIRM=1 publishes gist
[exit=0]
[banked] daemon alive (1 proc)
[SUPERLOOPV3] recalled=250 new=0 dominant=other drift_alerts=1
[held] dashboard written locally; CONFIRM=1 publishes gist
[exit=0]
[banked] daemon alive (1 proc)
[SUPERLOOPV3] recalled=250 new=0 dominant=other drift_alerts=1
[held] dashboard written locally; CONFIRM=1 publishes gist
[exit=0]
[banked] daemon alive (1 proc)
[SUPERLOOPV3] recalled=250 new=80 dominant=other drift_alerts=1
[held] dashboard written locally; CONFIRM=1 publishes gist
[exit=0]
[banked] daemon alive (1 proc)
[SUPERLOOPV3] recalled=250 new=39 dominant=other drift_alerts=1
[held] dashboard written locally; CONFIRM=1 publishes gist
[exit=0]
[banked] daemon alive (1 proc)
[SUPERLOOPV3] recalled=250 new=122 dominant=other drift_alerts=1
[held] dashboard written locally; CONFIRM=1 publishes gist
[exit=0]
[banked] daemon alive (1 proc)
[SUPERLOOPV3] recalled=250 new=158 dominant=other drift_alerts=1
[held] dashboard written locally; CONFIRM=1 publishes gist
[exit=0]
[banked] daemon alive (1 proc)
[SUPERLOOPV3] recalled=250 new=104 dominant=other drift_alerts=1
[held] dashboard written locally; CONFIRM=1 publishes gist
[exit=0]
[banked] daemon alive (1 proc)
[SUPERLOOPV3] recalled=250 new=0 dominant=other drift_alerts=1
[held] dashboard written locally; CONFIRM=1 publishes gist
[exit=0]
[banked] daemon alive (1 proc)
[SUPERLOOPV3] recalled=250 new=8 dominant=other drift_alerts=1
[held] dashboard written locally; CONFIRM=1 publishes gist
[exit=0]
[banked] daemon alive (1 proc)
[SUPERLOOPV3] recalled=250 new=0 dominant=other drift_alerts=1
[held] dashboard written locally; CONFIRM=1 publishes gist
[exit=0]
[banked] daemon alive (1 proc)
[SUPERLOOPV3] recalled=250 new=0 dominant=other drift_alerts=1
[held] dashboard written locally; CONFIRM=1 publishes gist
[exit=0]
[banked] daemon alive (1 proc)
[SUPERLOOPV3] recalled=250 new=0 dominant=other drift_alerts=1
[held] dashboard written locally; CONFIRM=1 publishes gist
[exit=0]
[banked] daemon alive (1 proc)
[SUPERLOOPV3] recalled=250 new=0 dominant=other drift_alerts=1
[held] dashboard written locally; CONFIRM=1 publishes gist
[exit=0]
[banked] daemon alive (1 proc)
[SUPERLOOPV3] recalled=250 new=0 dominant=other drift_alerts=1
[held] dashboard written locally; CONFIRM=1 publishes gist
[exit=0]
[banked] daemon alive (1 proc)
[SUPERLOOPV3] recalled=250 new=0 dominant=other drift_alerts=1
[held] dashboard written locally; CONFIRM=1 publishes gist
[exit=0]
[banked] daemon alive (1 proc)
[SUPERLOOPV3] recalled=250 new=0 dominant=other drift_alerts=1
[held] dashboard written locally; CONFIRM=1 publishes gist
[exit=0]
[banked] daemon alive (1 proc)
[SUPERLOOPV3] recalled=250 new=0 dominant=other drift_alerts=1
[held] dashboard written locally; CONFIRM=1 publishes gist
[exit=0]
[banked] daemon alive (1 proc)
[SUPERLOOPV3] recalled=250 new=0 dominant=other drift_alerts=1
[held] dashboard written locally; CONFIRM=1 publishes gist
[exit=0]
[banked] daemon alive (1 proc)
[SUPERLOOPV3] recalled=250 new=0 dominant=other drift_alerts=1
[held] dashboard written locally; CONFIRM=1 publishes gist
[exit=0]
[banked] daemon alive (1 proc)
[SUPERLOOPV3] recalled=250 new=0 dominant=other drift_alerts=1
[held] dashboard written locally; CONFIRM=1 publishes gist
[exit=0]
[banked] daemon alive (1 proc)
[SUPERLOOPV3] recalled=250 new=0 dominant=other drift_alerts=1
[held] dashboard written locally; CONFIRM=1 publishes gist
[exit=0]
[banked] daemon alive (1 proc)
[SUPERLOOPV3] recalled=250 new=0 dominant=other drift_alerts=1
[held] dashboard written locally; CONFIRM=1 publishes gist
[exit=0]
[banked] daemon alive (1 proc)
[SUPERLOOPV3] recalled=250 new=0 dominant=other drift_alerts=1
[held] dashboard written locally; CONFIRM=1 publishes gist
[exit=0]
[banked] daemon alive (1 proc)
[SUPERLOOPV3] recalled=250 new=0 dominant=other drift_alerts=1
[held] dashboard written locally; CONFIRM=1 publishes gist
[exit=0]
[banked] daemon alive (1 proc)
[SUPERLOOPV3] recalled=250 new=0 dominant=other drift_alerts=1
[held] dashboard written locally; CONFIRM=1 publishes gist
[exit=0]
[banked] daemon alive (1 proc)
[SUPERLOOPV3] recalled=250 new=0 dominant=other drift_alerts=1
[held] dashboard written locally; CONFIRM=1 publishes gist
[exit=0]
[banked] daemon alive (1 proc)
[SUPERLOOPV3] recalled=250 new=0 dominant=other drift_alerts=1
[held] dashboard written locally; CONFIRM=1 publishes gist
[exit=0]
[banked] daemon alive (1 proc)
[SUPERLOOPV3] recalled=250 new=0 dominant=other drift_alerts=1
[held] dashboard written locally; CONFIRM=1 publishes gist
[exit=0]
[banked] daemon alive (1 proc)
[SUPERLOOPV3] recalled=250 new=0 dominant=other drift_alerts=1
[held] dashboard written locally; CONFIRM=1 publishes gist
[exit=0]
[banked] daemon alive (1 proc)
[SUPERLOOPV3] recalled=250 new=0 dominant=other drift_alerts=1
[held] dashboard written locally; CONFIRM=1 publishes gist
[exit=0]
[banked] daemon alive (1 proc)
[SUPERLOOPV3] recalled=250 new=0 dominant=other drift_alerts=1
[held] dashboard written locally; CONFIRM=1 publishes gist
[exit=0]
[banked] daemon alive (1 proc)
[SUPERLOOPV3] recalled=250 new=0 dominant=other drift_alerts=1
[held] dashboard written locally; CONFIRM=1 publishes gist
[exit=0]
[banked] daemon alive (1 proc)
[SUPERLOOPV3] recalled=250 new=0 dominant=other drift_alerts=1
[held] dashboard written locally; CONFIRM=1 publishes gist
[exit=0]
[banked] daemon alive (1 proc)
[SUPERLOOPV3] recalled=250 new=0 dominant=other drift_alerts=1
[held] dashboard written locally; CONFIRM=1 publishes gist
[exit=0]
[banked] daemon alive (1 proc)
[SUPERLOOPV3] recalled=250 new=0 dominant=other drift_alerts=1
[held] dashboard written locally; CONFIRM=1 publishes gist
[exit=0]
[banked] daemon alive (1 proc)
[SUPERLOOPV3] recalled=250 new=0 dominant=other drift_alerts=1
[held] dashboard written locally; CONFIRM=1 publishes gist
[exit=0]
[banked] daemon alive (1 proc)
[SUPERLOOPV3] recalled=250 new=0 dominant=other drift_alerts=1
[held] dashboard written locally; CONFIRM=1 publishes gist
[exit=0]
[banked] daemon alive (1 proc)
[SUPERLOOPV3] recalled=250 new=0 dominant=other drift_alerts=1
[held] dashboard written locally; CONFIRM=1 publishes gist
[exit=0]
[banked] daemon alive (1 proc)
[SUPERLOOPV3] recalled=250 new=0 dominant=other drift_alerts=1
[held] dashboard written locally; CONFIRM=1 publishes gist
[exit=0]
[banked] daemon alive (1 proc)
[SUPERLOOPV3] recalled=250 new=0 dominant=other drift_alerts=1
[held] dashboard written locally; CONFIRM=1 publishes gist
[exit=0]
[banked] daemon alive (1 proc)
[SUPERLOOPV3] recalled=250 new=0 dominant=other drift_alerts=1
[held] dashboard written locally; CONFIRM=1 publishes gist
[exit=0]
[banked] daemon alive (1 proc)
[SUPERLOOPV3] recalled=250 new=0 dominant=other drift_alerts=1
[held] dashboard written locally; CONFIRM=1 publishes gist
[exit=0]
[banked] daemon alive (1 proc)
[SUPERLOOPV3] recalled=250 new=0 dominant=other drift_alerts=1
[held] dashboard written locally; CONFIRM=1 publishes gist
[exit=0]
[banked] daemon alive (1 proc)
[SUPERLOOPV3] recalled=250 new=0 dominant=other drift_alerts=1
[held] dashboard written locally; CONFIRM=1 publishes gist
[exit=0]
[banked] daemon alive (1 proc)
[SUPERLOOPV3] recalled=250 new=0 dominant=other drift_alerts=1
[held] dashboard written locally; CONFIRM=1 publishes gist
[exit=0]
[banked] daemon alive (1 proc)
[SUPERLOOPV3] recalled=250 new=0 dominant=other drift_alerts=1
[held] dashboard written locally; CONFIRM=1 publishes gist
[exit=0]
[banked] daemon alive (1 proc)
[SUPERLOOPV3] recalled=250 new=0 dominant=other drift_alerts=1
[held] dashboard written locally; CONFIRM=1 publishes gist
[exit=0]
[banked] daemon alive (1 proc)
[SUPERLOOPV3] recalled=250 new=0 dominant=other drift_alerts=1
[held] dashboard written locally; CONFIRM=1 publishes gist
[exit=0]
[banked] daemon alive (1 proc)
[SUPERLOOPV3] recalled=250 new=8 dominant=other drift_alerts=1
[held] dashboard written locally; CONFIRM=1 publishes gist
[exit=0]
[banked] daemon alive (1 proc)
[SUPERLOOPV3] recalled=250 new=0 dominant=other drift_alerts=1
[held] dashboard written locally; CONFIRM=1 publishes gist
[exit=0]
[banked] daemon alive (1 proc)
[SUPERLOOPV3] recalled=250 new=0 dominant=other drift_alerts=1
[held] dashboard written locally; CONFIRM=1 publishes gist
[exit=0]
[banked] daemon alive (1 proc)
[SUPERLOOPV3] recalled=250 new=0 dominant=other drift_alerts=1
[held] dashboard written locally; CONFIRM=1 publishes gist
[exit=0]
[banked] daemon alive (1 proc)
[SUPERLOOPV3] recalled=250 new=0 dominant=other drift_alerts=1
[held] dashboard written locally; CONFIRM=1 publishes gist
[exit=0]
[banked] daemon alive (1 proc)
[SUPERLOOPV3] recalled=250 new=0 dominant=other drift_alerts=1
[held] dashboard written locally; CONFIRM=1 publishes gist
[exit=0]
[banked] daemon alive (1 proc)
[SUPERLOOPV3] recalled=250 new=0 dominant=other drift_alerts=1
[held] dashboard written locally; CONFIRM=1 publishes gist
[exit=0]
[banked] daemon alive (1 proc)
[SUPERLOOPV3] recalled=250 new=0 dominant=other drift_alerts=1
[held] dashboard written locally; CONFIRM=1 publishes gist
[exit=0]
[banked] daemon alive (1 proc)
[SUPERLOOPV3] recalled=250 new=225 dominant=other drift_alerts=1
[held] dashboard written locally; CONFIRM=1 publishes gist
[exit=0]
[banked] daemon alive (1 proc)
[SUPERLOOPV3] recalled=250 new=75 dominant=other drift_alerts=1
[held] dashboard written locally; CONFIRM=1 publishes gist
[exit=0]
[banked] daemon alive (1 proc)
[SUPERLOOPV3] recalled=250 new=161 dominant=other drift_alerts=1
[held] dashboard written locally; CONFIRM=1 publishes gist
[exit=0]
[banked] daemon alive (1 proc)
[SUPERLOOPV3] recalled=250 new=21 dominant=other drift_alerts=1
[held] dashboard written locally; CONFIRM=1 publishes gist
[exit=0]
[banked] daemon alive (1 proc)
[SUPERLOOPV3] recalled=250 new=17 dominant=other drift_alerts=1
[held] dashboard written locally; CONFIRM=1 publishes gist
[exit=0]
[banked] daemon alive (1 proc)
[SUPERLOOPV3] recalled=250 new=0 dominant=other drift_alerts=1
[held] dashboard written locally; CONFIRM=1 publishes gist
[exit=0]
[banked] daemon alive (1 proc)
[SUPERLOOPV3] recalled=250 new=0 dominant=other drift_alerts=1
[held] dashboard written locally; CONFIRM=1 publishes gist
[exit=0]
[banked] daemon alive (1 proc)
[SUPERLOOPV3] recalled=250 new=0 dominant=other drift_alerts=1
[held] dashboard written locally; CONFIRM=1 publishes gist
[exit=0]
[banked] daemon alive (1 proc)
[SUPERLOOPV3] recalled=250 new=0 dominant=other drift_alerts=1
[held] dashboard written locally; CONFIRM=1 publishes gist
[exit=0]
[banked] daemon alive (1 proc)
[SUPERLOOPV3] recalled=250 new=0 dominant=other drift_alerts=1
[held] dashboard written locally; CONFIRM=1 publishes gist
[exit=0]
[banked] daemon alive (1 proc)
[SUPERLOOPV3] recalled=250 new=0 dominant=other drift_alerts=1
[held] dashboard written locally; CONFIRM=1 publishes gist
[exit=0]
[banked] daemon alive (1 proc)
[SUPERLOOPV3] recalled=250 new=103 dominant=other drift_alerts=1
[held] dashboard written locally; CONFIRM=1 publishes gist
[exit=0]
[banked] daemon alive (1 proc)
[SUPERLOOPV3] recalled=250 new=1 dominant=other drift_alerts=1
[held] dashboard written locally; CONFIRM=1 publishes gist
[exit=0]
[banked] daemon alive (1 proc)
[SUPERLOOPV3] recalled=250 new=0 dominant=other drift_alerts=1
[held] dashboard written locally; CONFIRM=1 publishes gist
[exit=0]
[banked] daemon alive (1 proc)
[SUPERLOOPV3] recalled=250 new=0 dominant=other drift_alerts=1
[held] dashboard written locally; CONFIRM=1 publishes gist
[exit=0]
[banked] daemon alive (1 proc)
[SUPERLOOPV3] recalled=250 new=148 dominant=other drift_alerts=1
[held] dashboard written locally; CONFIRM=1 publishes gist
[exit=0]
[banked] daemon alive (1 proc)
[SUPERLOOPV3] recalled=250 new=4 dominant=other drift_alerts=1
[held] dashboard written locally; CONFIRM=1 publishes gist
[exit=0]
[banked] daemon alive (1 proc)
[SUPERLOOPV3] recalled=250 new=159 dominant=other drift_alerts=1
[held] dashboard written locally; CONFIRM=1 publishes gist
[exit=0]
[banked] daemon alive (1 proc)
[SUPERLOOPV3] recalled=250 new=2 dominant=other drift_alerts=1
[held] dashboard written locally; CONFIRM=1 publishes gist
[exit=0]
[banked] daemon alive (1 proc)
[SUPERLOOPV3] recalled=250 new=87 dominant=other drift_alerts=1
[held] dashboard written locally; CONFIRM=1 publishes gist
[exit=0]
[banked] daemon alive (1 proc)
[SUPERLOOPV3] recalled=250 new=0 dominant=other drift_alerts=1
[held] dashboard written locally; CONFIRM=1 publishes gist
[exit=0]
[banked] daemon alive (1 proc)
[SUPERLOOPV3] recalled=250 new=0 dominant=other drift_alerts=1
[held] dashboard written locally; CONFIRM=1 publishes gist
[exit=0]
[banked] daemon alive (1 proc)
[SUPERLOOPV3] recalled=250 new=0 dominant=other drift_alerts=1
[held] dashboard written locally; CONFIRM=1 publishes gist
[exit=0]
[banked] daemon alive (1 proc)
[SUPERLOOPV3] recalled=250 new=130 dominant=other drift_alerts=1
[held] dashboard written locally; CONFIRM=1 publishes gist
[exit=0]
[banked] daemon alive (1 proc)
[SUPERLOOPV3] recalled=250 new=1 dominant=other drift_alerts=1
[held] dashboard written locally; CONFIRM=1 publishes gist
[exit=0]
[banked] daemon alive (1 proc)
[SUPERLOOPV3] recalled=250 new=0 dominant=other drift_alerts=1
[held] dashboard written locally; CONFIRM=1 publishes gist
[exit=0]
[banked] daemon alive (1 proc)
[SUPERLOOPV3] recalled=250 new=179 dominant=other drift_alerts=1
[held] dashboard written locally; CONFIRM=1 publishes gist
[exit=0]
[banked] daemon alive (1 proc)
[SUPERLOOPV3] recalled=250 new=1 dominant=other drift_alerts=1
[held] dashboard written locally; CONFIRM=1 publishes gist
[exit=0]
[banked] daemon alive (1 proc)
[SUPERLOOPV3] recalled=250 new=0 dominant=other drift_alerts=1
[held] dashboard written locally; CONFIRM=1 publishes gist
[exit=0]
[banked] daemon alive (1 proc)
[SUPERLOOPV3] recalled=250 new=0 dominant=other drift_alerts=1
[held] dashboard written locally; CONFIRM=1 publishes gist
[exit=0]
[banked] daemon alive (1 proc)
[SUPERLOOPV3] recalled=250 new=0 dominant=other drift_alerts=1
[held] dashboard written locally; CONFIRM=1 publishes gist
[exit=0]
[banked] daemon alive (1 proc)
[SUPERLOOPV3] recalled=250 new=0 dominant=other drift_alerts=1
[held] dashboard written locally; CONFIRM=1 publishes gist
[exit=0]
[banked] daemon alive (1 proc)
[SUPERLOOPV3] recalled=250 new=128 dominant=other drift_alerts=1
[held] dashboard written locally; CONFIRM=1 publishes gist
[exit=0]
[banked] daemon alive (1 proc)
[SUPERLOOPV3] recalled=250 new=154 dominant=other drift_alerts=1
[held] dashboard written locally; CONFIRM=1 publishes gist
[exit=0]
[banked] daemon alive (1 proc)
[SUPERLOOPV3] recalled=250 new=168 dominant=other drift_alerts=1
[held] dashboard written locally; CONFIRM=1 publishes gist
[exit=0]
[banked] daemon alive (1 proc)
[SUPERLOOPV3] recalled=250 new=164 dominant=other drift_alerts=1
[held] dashboard written locally; CONFIRM=1 publishes gist
[exit=0]
[banked] daemon alive (1 proc)
[SUPERLOOPV3] recalled=250 new=127 dominant=other drift_alerts=1
[held] dashboard written locally; CONFIRM=1 publishes gist
[exit=0]
[banked] daemon alive (1 proc)
[SUPERLOOPV3] recalled=250 new=43 dominant=other drift_alerts=1
[held] dashboard written locally; CONFIRM=1 publishes gist
[exit=0]
[banked] daemon alive (1 proc)
[SUPERLOOPV3] recalled=250 new=119 dominant=other drift_alerts=1
[held] dashboard written locally; CONFIRM=1 publishes gist
[exit=0]
[banked] daemon alive (1 proc)
[SUPERLOOPV3] recalled=250 new=1 dominant=other drift_alerts=1
[held] dashboard written locally; CONFIRM=1 publishes gist
[exit=0]
[banked] daemon alive (1 proc)
[SUPERLOOPV3] recalled=250 new=0 dominant=other drift_alerts=1
[held] dashboard written locally; CONFIRM=1 publishes gist
[exit=0]
[banked] daemon alive (1 proc)
[SUPERLOOPV3] recalled=250 new=17 dominant=other drift_alerts=1
[held] dashboard written locally; CONFIRM=1 publishes gist
[exit=0]
[banked] daemon alive (1 proc)
[SUPERLOOPV3] recalled=250 new=0 dominant=other drift_alerts=1
[held] dashboard written locally; CONFIRM=1 publishes gist
[exit=0]
[banked] daemon alive (1 proc)
[SUPERLOOPV3] recalled=250 new=0 dominant=other drift_alerts=1
[held] dashboard written locally; CONFIRM=1 publishes gist
[exit=0]
[banked] daemon alive (1 proc)
[SUPERLOOPV3] recalled=250 new=151 dominant=other drift_alerts=1
[held] dashboard written locally; CONFIRM=1 publishes gist
[exit=0]
[banked] daemon alive (1 proc)
[SUPERLOOPV3] recalled=250 new=0 dominant=other drift_alerts=1
[held] dashboard written locally; CONFIRM=1 publishes gist
[exit=0]
[banked] daemon alive (1 proc)
[SUPERLOOPV3] recalled=250 new=0 dominant=other drift_alerts=1
[held] dashboard written locally; CONFIRM=1 publishes gist
[exit=0]
[banked] daemon alive (1 proc)
[SUPERLOOPV3] recalled=250 new=145 dominant=other drift_alerts=1
[held] dashboard written locally; CONFIRM=1 publishes gist
[exit=0]
[banked] daemon alive (1 proc)
[SUPERLOOPV3] recalled=250 new=0 dominant=other drift_alerts=1
[held] dashboard written locally; CONFIRM=1 publishes gist
[exit=0]
[banked] daemon alive (1 proc)
[SUPERLOOPV3] recalled=250 new=0 dominant=other drift_alerts=1
[held] dashboard written locally; CONFIRM=1 publishes gist
[exit=0]
[banked] daemon alive (1 proc)
[SUPERLOOPV3] recalled=250 new=0 dominant=other drift_alerts=1
[held] dashboard written locally; CONFIRM=1 publishes gist
[exit=0]
[banked] daemon alive (1 proc)
[SUPERLOOPV3] recalled=250 new=170 dominant=other drift_alerts=1
[held] dashboard written locally; CONFIRM=1 publishes gist
[exit=0]
[banked] daemon alive (1 proc)
[SUPERLOOPV3] recalled=250 new=109 dominant=other drift_alerts=1
[held] dashboard written locally; CONFIRM=1 publishes gist
[exit=0]
[banked] daemon alive (1 proc)
[SUPERLOOPV3] recalled=250 new=0 dominant=other drift_alerts=1
[held] dashboard written locally; CONFIRM=1 publishes gist
[exit=0]
[banked] daemon alive (1 proc)
[SUPERLOOPV3] recalled=250 new=0 dominant=other drift_alerts=1
[held] dashboard written locally; CONFIRM=1 publishes gist
[exit=0]
[banked] daemon alive (1 proc)
[SUPERLOOPV3] recalled=250 new=2 dominant=other drift_alerts=1
[held] dashboard written locally; CONFIRM=1 publishes gist
[exit=0]
[banked] daemon alive (1 proc)
[SUPERLOOPV3] recalled=250 new=0 dominant=other drift_alerts=1
[held] dashboard written locally; CONFIRM=1 publishes gist
[exit=0]
[banked] daemon alive (1 proc)
[SUPERLOOPV3] recalled=250 new=0 dominant=other drift_alerts=1
[held] dashboard written locally; CONFIRM=1 publishes gist
[exit=0]
[banked] daemon alive (1 proc)
[SUPERLOOPV3] recalled=250 new=0 dominant=other drift_alerts=1
[held] dashboard written locally; CONFIRM=1 publishes gist
[exit=0]
[banked] daemon alive (1 proc)
[SUPERLOOPV3] recalled=250 new=0 dominant=other drift_alerts=1
[held] dashboard written locally; CONFIRM=1 publishes gist
[exit=0]
[banked] daemon alive (1 proc)
[SUPERLOOPV3] recalled=250 new=0 dominant=other drift_alerts=1
[held] dashboard written locally; CONFIRM=1 publishes gist
[exit=0]
[banked] daemon alive (1 proc)
[SUPERLOOPV3] recalled=250 new=0 dominant=other drift_alerts=1
[held] dashboard written locally; CONFIRM=1 publishes gist
[exit=0]
[banked] daemon alive (1 proc)
[SUPERLOOPV3] recalled=250 new=0 dominant=other drift_alerts=1
[held] dashboard written locally; CONFIRM=1 publishes gist
[exit=0]
[banked] daemon alive (1 proc)
[SUPERLOOPV3] recalled=250 new=0 dominant=other drift_alerts=1
[held] dashboard written locally; CONFIRM=1 publishes gist
[exit=0]
[banked] daemon alive (1 proc)
[SUPERLOOPV3] recalled=250 new=0 dominant=other drift_alerts=1
[held] dashboard written locally; CONFIRM=1 publishes gist
[exit=0]
[banked] daemon alive (1 proc)
[SUPERLOOPV3] recalled=250 new=0 dominant=other drift_alerts=1
[held] dashboard written locally; CONFIRM=1 publishes gist
[exit=0]
[banked] daemon alive (1 proc)
[SUPERLOOPV3] recalled=250 new=0 dominant=other drift_alerts=1
[held] dashboard written locally; CONFIRM=1 publishes gist
[exit=0]
[banked] daemon alive (1 proc)
[SUPERLOOPV3] recalled=250 new=0 dominant=other drift_alerts=1
[held] dashboard written locally; CONFIRM=1 publishes gist
[exit=0]
[banked] daemon alive (1 proc)
[SUPERLOOPV3] recalled=250 new=0 dominant=other drift_alerts=1
[held] dashboard written locally; CONFIRM=1 publishes gist
[exit=0]
[banked] daemon alive (1 proc)
[SUPERLOOPV3] recalled=250 new=0 dominant=other drift_alerts=1
[held] dashboard written locally; CONFIRM=1 publishes gist
[exit=0]
[banked] daemon alive (1 proc)
[SUPERLOOPV3] recalled=250 new=0 dominant=other drift_alerts=1
[held] dashboard written locally; CONFIRM=1 publishes gist
[exit=0]
[banked] daemon alive (1 proc)
[SUPERLOOPV3] recalled=250 new=0 dominant=other drift_alerts=1
[held] dashboard written locally; CONFIRM=1 publishes gist
[exit=0]
[banked] daemon alive (1 proc)
[SUPERLOOPV3] recalled=250 new=0 dominant=other drift_alerts=1
[held] dashboard written locally; CONFIRM=1 publishes gist
[exit=0]
[banked] daemon alive (1 proc)
[SUPERLOOPV3] recalled=250 new=0 dominant=other drift_alerts=1
[held] dashboard written locally; CONFIRM=1 publishes gist
[exit=0]
[banked] daemon alive (1 proc)
[SUPERLOOPV3] recalled=250 new=0 dominant=other drift_alerts=1
[held] dashboard written locally; CONFIRM=1 publishes gist
[exit=0]
[banked] daemon alive (1 proc)
[SUPERLOOPV3] recalled=250 new=139 dominant=other drift_alerts=1
[held] dashboard written locally; CONFIRM=1 publishes gist
[exit=0]
[banked] daemon alive (1 proc)
[SUPERLOOPV3] recalled=250 new=1 dominant=other drift_alerts=1
[held] dashboard written locally; CONFIRM=1 publishes gist
[exit=0]
[banked] daemon alive (1 proc)
[SUPERLOOPV3] recalled=250 new=0 dominant=other drift_alerts=1
[held] dashboard written locally; CONFIRM=1 publishes gist
[exit=0]
[banked] daemon alive (1 proc)
[SUPERLOOPV3] recalled=250 new=0 dominant=other drift_alerts=1
[held] dashboard written locally; CONFIRM=1 publishes gist
[exit=0]
[banked] daemon alive (1 proc)
[SUPERLOOPV3] recalled=250 new=131 dominant=other drift_alerts=1
[held] dashboard written locally; CONFIRM=1 publishes gist
[exit=0]
[banked] daemon alive (1 proc)
[SUPERLOOPV3] recalled=250 new=98 dominant=other drift_alerts=1
[held] dashboard written locally; CONFIRM=1 publishes gist
[exit=0]
[banked] daemon alive (1 proc)
[SUPERLOOPV3] recalled=250 new=0 dominant=other drift_alerts=1
[held] dashboard written locally; CONFIRM=1 publishes gist
[exit=0]
[banked] daemon alive (1 proc)
[SUPERLOOPV3] recalled=250 new=0 dominant=other drift_alerts=1
[held] dashboard written locally; CONFIRM=1 publishes gist
[exit=0]
[banked] daemon alive (1 proc)
[SUPERLOOPV3] recalled=250 new=0 dominant=other drift_alerts=1
[held] dashboard written locally; CONFIRM=1 publishes gist
[exit=0]
[banked] daemon alive (1 proc)
[SUPERLOOPV3] recalled=250 new=0 dominant=other drift_alerts=1
[held] dashboard written locally; CONFIRM=1 publishes gist
[exit=0]
[banked] daemon alive (1 proc)
[SUPERLOOPV3] recalled=250 new=0 dominant=other drift_alerts=1
[held] dashboard written locally; CONFIRM=1 publishes gist
[exit=0]
[banked] daemon alive (1 proc)
[SUPERLOOPV3] recalled=250 new=0 dominant=other drift_alerts=1
[held] dashboard written locally; CONFIRM=1 publishes gist
[exit=0]
[banked] daemon alive (1 proc)
[SUPERLOOPV3] recalled=250 new=0 dominant=other drift_alerts=1
[held] dashboard written locally; CONFIRM=1 publishes gist
[exit=0]
[banked] daemon alive (1 proc)
[SUPERLOOPV3] recalled=250 new=0 dominant=other drift_alerts=1
[held] dashboard written locally; CONFIRM=1 publishes gist
[exit=0]
[banked] daemon alive (1 proc)
[SUPERLOOPV3] recalled=250 new=0 dominant=other drift_alerts=1
[held] dashboard written locally; CONFIRM=1 publishes gist
[exit=0]
[banked] daemon alive (1 proc)
[SUPERLOOPV3] recalled=250 new=0 dominant=other drift_alerts=1
[held] dashboard written locally; CONFIRM=1 publishes gist
[exit=0]
[banked] daemon alive (1 proc)
[SUPERLOOPV3] recalled=250 new=0 dominant=other drift_alerts=1
[held] dashboard written locally; CONFIRM=1 publishes gist
[exit=0]
[banked] daemon alive (1 proc)
[SUPERLOOPV3] recalled=250 new=20 dominant=other drift_alerts=1
[held] dashboard written locally; CONFIRM=1 publishes gist
[exit=0]
[banked] daemon alive (1 proc)
[SUPERLOOPV3] recalled=250 new=0 dominant=other drift_alerts=1
[held] dashboard written locally; CONFIRM=1 publishes gist
[exit=0]
[banked] daemon alive (1 proc)
[SUPERLOOPV3] recalled=250 new=0 dominant=other drift_alerts=1
[held] dashboard written locally; CONFIRM=1 publishes gist
[exit=0]
[banked] daemon alive (1 proc)
[SUPERLOOPV3] recalled=250 new=0 dominant=other drift_alerts=1
[held] dashboard written locally; CONFIRM=1 publishes gist
[exit=0]
[banked] daemon alive (1 proc)
[SUPERLOOPV3] recalled=250 new=0 dominant=other drift_alerts=1
[held] dashboard written locally; CONFIRM=1 publishes gist
[exit=0]
[banked] daemon alive (1 proc)
[SUPERLOOPV3] recalled=250 new=0 dominant=other drift_alerts=1
[held] dashboard written locally; CONFIRM=1 publishes gist
[exit=0]
[banked] daemon alive (1 proc)
[SUPERLOOPV3] recalled=250 new=2 dominant=other drift_alerts=1
[held] dashboard written locally; CONFIRM=1 publishes gist
[exit=0]
[banked] daemon alive (1 proc)
[SUPERLOOPV3] recalled=250 new=0 dominant=other drift_alerts=1
[held] dashboard written locally; CONFIRM=1 publishes gist
[exit=0]
[banked] daemon alive (1 proc)
[SUPERLOOPV3] recalled=250 new=51 dominant=other drift_alerts=1
[held] dashboard written locally; CONFIRM=1 publishes gist
[exit=0]
[banked] daemon alive (1 proc)
[SUPERLOOPV3] recalled=250 new=0 dominant=other drift_alerts=1
[held] dashboard written locally; CONFIRM=1 publishes gist
[exit=0]
[banked] daemon alive (1 proc)
[SUPERLOOPV3] recalled=250 new=0 dominant=other drift_alerts=1
[held] dashboard written locally; CONFIRM=1 publishes gist
[exit=0]
[banked] daemon alive (1 proc)
[SUPERLOOPV3] recalled=250 new=0 dominant=other drift_alerts=1
[held] dashboard written locally; CONFIRM=1 publishes gist
[exit=0]
[banked] daemon alive (1 proc)
[SUPERLOOPV3] recalled=250 new=0 dominant=other drift_alerts=1
[held] dashboard written locally; CONFIRM=1 publishes gist
[exit=0]
[banked] daemon alive (1 proc)
[SUPERLOOPV3] recalled=250 new=125 dominant=other drift_alerts=1
[held] dashboard written locally; CONFIRM=1 publishes gist
[exit=0]
[banked] daemon alive (1 proc)
[SUPERLOOPV3] recalled=250 new=0 dominant=other drift_alerts=1
[held] dashboard written locally; CONFIRM=1 publishes gist
[exit=0]
[banked] daemon alive (1 proc)
[SUPERLOOPV3] recalled=250 new=0 dominant=other drift_alerts=1
[held] dashboard written locally; CONFIRM=1 publishes gist
[exit=0]
[banked] daemon alive (1 proc)
[SUPERLOOPV3] recalled=250 new=0 dominant=other drift_alerts=1
[held] dashboard written locally; CONFIRM=1 publishes gist
[exit=0]
[banked] daemon alive (1 proc)
[SUPERLOOPV3] recalled=250 new=0 dominant=other drift_alerts=1
[held] dashboard written locally; CONFIRM=1 publishes gist
[exit=0]
[banked] daemon alive (1 proc)
[SUPERLOOPV3] recalled=250 new=65 dominant=other drift_alerts=1
[held] dashboard written locally; CONFIRM=1 publishes gist
[exit=0]
[banked] daemon alive (1 proc)
[SUPERLOOPV3] recalled=250 new=0 dominant=other drift_alerts=1
[held] dashboard written locally; CONFIRM=1 publishes gist
[exit=0]
[banked] daemon alive (1 proc)
[SUPERLOOPV3] recalled=250 new=0 dominant=other drift_alerts=1
[held] dashboard written locally; CONFIRM=1 publishes gist
[exit=0]
[banked] daemon alive (1 proc)
[SUPERLOOPV3] recalled=250 new=0 dominant=other drift_alerts=1
[held] dashboard written locally; CONFIRM=1 publishes gist
[exit=0]
[banked] daemon alive (1 proc)
[SUPERLOOPV3] recalled=250 new=0 dominant=other drift_alerts=1
[held] dashboard written locally; CONFIRM=1 publishes gist
[exit=0]
[banked] daemon alive (1 proc)
[SUPERLOOPV3] recalled=250 new=0 dominant=other drift_alerts=1
[held] dashboard written locally; CONFIRM=1 publishes gist
[exit=0]
[banked] daemon alive (1 proc)
[SUPERLOOPV3] recalled=250 new=18 dominant=other drift_alerts=1
[held] dashboard written locally; CONFIRM=1 publishes gist
[exit=0]
[banked] daemon alive (1 proc)
[SUPERLOOPV3] recalled=250 new=14 dominant=other drift_alerts=1
[held] dashboard written locally; CONFIRM=1 publishes gist
[exit=0]
[banked] daemon alive (1 proc)
[SUPERLOOPV3] recalled=250 new=0 dominant=other drift_alerts=1
[held] dashboard written locally; CONFIRM=1 publishes gist
[exit=0]
[banked] daemon alive (1 proc)
[SUPERLOOPV3] recalled=250 new=25 dominant=other drift_alerts=1
[held] dashboard written locally; CONFIRM=1 publishes gist
[exit=0]
[banked] daemon alive (1 proc)
[SUPERLOOPV3] recalled=250 new=0 dominant=other drift_alerts=1
[held] dashboard written locally; CONFIRM=1 publishes gist
[exit=0]
[banked] daemon alive (1 proc)
[SUPERLOOPV3] recalled=250 new=0 dominant=other drift_alerts=1
[held] dashboard written locally; CONFIRM=1 publishes gist
[exit=0]
[banked] daemon alive (1 proc)
[SUPERLOOPV3] recalled=250 new=0 dominant=other drift_alerts=1
[held] dashboard written locally; CONFIRM=1 publishes gist
[exit=0]
[banked] daemon alive (1 proc)
[SUPERLOOPV3] recalled=250 new=0 dominant=other drift_alerts=1
[held] dashboard written locally; CONFIRM=1 publishes gist
[exit=0]
[banked] daemon alive (1 proc)
[SUPERLOOPV3] recalled=250 new=0 dominant=other drift_alerts=1
[held] dashboard written locally; CONFIRM=1 publishes gist
[exit=0]
[banked] daemon alive (1 proc)
[SUPERLOOPV3] recalled=250 new=0 dominant=other drift_alerts=1
[held] dashboard written locally; CONFIRM=1 publishes gist
[exit=0]
[banked] daemon alive (1 proc)
[SUPERLOOPV3] recalled=250 new=0 dominant=other drift_alerts=1
[held] dashboard written locally; CONFIRM=1 publishes gist
[exit=0]
[banked] daemon alive (1 proc)
[SUPERLOOPV3] recalled=250 new=0 dominant=other drift_alerts=1
[held] dashboard written locally; CONFIRM=1 publishes gist
[exit=0]
[banked] daemon alive (1 proc)
[SUPERLOOPV3] recalled=250 new=0 dominant=other drift_alerts=1
[held] dashboard written locally; CONFIRM=1 publishes gist
[exit=0]
[banked] daemon alive (1 proc)
[SUPERLOOPV3] recalled=250 new=0 dominant=other drift_alerts=1
[held] dashboard written locally; CONFIRM=1 publishes gist
[exit=0]
[banked] daemon alive (1 proc)
[SUPERLOOPV3] recalled=250 new=0 dominant=other drift_alerts=1
[held] dashboard written locally; CONFIRM=1 publishes gist
[exit=0]
[banked] daemon alive (1 proc)
[SUPERLOOPV3] recalled=250 new=0 dominant=other drift_alerts=1
[held] dashboard written locally; CONFIRM=1 publishes gist
[exit=0]
[banked] daemon alive (1 proc)
[SUPERLOOPV3] recalled=250 new=0 dominant=other drift_alerts=1
[held] dashboard written locally; CONFIRM=1 publishes gist
[exit=0]
[banked] daemon alive (1 proc)
[SUPERLOOPV3] recalled=250 new=0 dominant=other drift_alerts=1
[held] dashboard written locally; CONFIRM=1 publishes gist
[exit=0]
[banked] daemon alive (1 proc)
[SUPERLOOPV3] recalled=250 new=0 dominant=other drift_alerts=1
[held] dashboard written locally; CONFIRM=1 publishes gist
[exit=0]
[banked] daemon alive (1 proc)
[SUPERLOOPV3] recalled=250 new=0 dominant=other drift_alerts=1
[held] dashboard written locally; CONFIRM=1 publishes gist
[exit=0]
[banked] daemon alive (1 proc)
[SUPERLOOPV3] recalled=250 new=0 dominant=other drift_alerts=1
[held] dashboard written locally; CONFIRM=1 publishes gist
[exit=0]
[banked] daemon alive (1 proc)
[SUPERLOOPV3] recalled=250 new=0 dominant=other drift_alerts=1
[held] dashboard written locally; CONFIRM=1 publishes gist
[exit=0]
[banked] daemon alive (1 proc)
[SUPERLOOPV3] recalled=250 new=0 dominant=other drift_alerts=1
[held] dashboard written locally; CONFIRM=1 publishes gist
[exit=0]
[banked] daemon alive (1 proc)
[SUPERLOOPV3] recalled=250 new=0 dominant=other drift_alerts=1
[held] dashboard written locally; CONFIRM=1 publishes gist
[exit=0]
[banked] daemon alive (1 proc)
[SUPERLOOPV3] recalled=250 new=0 dominant=other drift_alerts=1
[held] dashboard written locally; CONFIRM=1 publishes gist
[exit=0]
[banked] daemon alive (1 proc)
[SUPERLOOPV3] recalled=250 new=0 dominant=other drift_alerts=1
[held] dashboard written locally; CONFIRM=1 publishes gist
[exit=0]
[banked] daemon alive (1 proc)
[SUPERLOOPV3] recalled=250 new=0 dominant=other drift_alerts=1
[held] dashboard written locally; CONFIRM=1 publishes gist
[exit=0]
[banked] daemon alive (1 proc)
[SUPERLOOPV3] recalled=250 new=0 dominant=other drift_alerts=1
[held] dashboard written locally; CONFIRM=1 publishes gist
[exit=0]
[banked] daemon alive (1 proc)
[SUPERLOOPV3] recalled=250 new=0 dominant=other drift_alerts=1
[held] dashboard written locally; CONFIRM=1 publishes gist
[exit=0]
[banked] daemon alive (1 proc)
[SUPERLOOPV3] recalled=250 new=0 dominant=other drift_alerts=1
[held] dashboard written locally; CONFIRM=1 publishes gist
[exit=0]
[banked] daemon alive (1 proc)
[SUPERLOOPV3] recalled=250 new=0 dominant=other drift_alerts=1
[held] dashboard written locally; CONFIRM=1 publishes gist
[exit=0]
[banked] daemon alive (1 proc)
[SUPERLOOPV3] recalled=250 new=0 dominant=other drift_alerts=1
[held] dashboard written locally; CONFIRM=1 publishes gist
[exit=0]
[banked] daemon alive (1 proc)
[SUPERLOOPV3] recalled=250 new=0 dominant=other drift_alerts=1
[held] dashboard written locally; CONFIRM=1 publishes gist
[exit=0]
[banked] daemon alive (1 proc)
[SUPERLOOPV3] recalled=250 new=0 dominant=other drift_alerts=1
[held] dashboard written locally; CONFIRM=1 publishes gist
[exit=0]
[banked] daemon alive (1 proc)
[SUPERLOOPV3] recalled=250 new=0 dominant=other drift_alerts=1
[held] dashboard written locally; CONFIRM=1 publishes gist
[exit=0]
[banked] daemon alive (1 proc)
[SUPERLOOPV3] recalled=250 new=0 dominant=other drift_alerts=1
[held] dashboard written locally; CONFIRM=1 publishes gist
[exit=0]
[banked] daemon alive (1 proc)
[SUPERLOOPV3] recalled=250 new=0 dominant=other drift_alerts=1
[held] dashboard written locally; CONFIRM=1 publishes gist
[exit=0]
[banked] daemon alive (1 proc)
[SUPERLOOPV3] recalled=250 new=0 dominant=other drift_alerts=1
[held] dashboard written locally; CONFIRM=1 publishes gist
[exit=0]
[banked] daemon alive (1 proc)
[SUPERLOOPV3] recalled=250 new=0 dominant=other drift_alerts=1
[held] dashboard written locally; CONFIRM=1 publishes gist
[exit=0]
[banked] daemon alive (1 proc)
[SUPERLOOPV3] recalled=250 new=0 dominant=other drift_alerts=1
[held] dashboard written locally; CONFIRM=1 publishes gist
[exit=0]
[banked] daemon alive (1 proc)
[SUPERLOOPV3] recalled=250 new=0 dominant=other drift_alerts=1
[held] dashboard written locally; CONFIRM=1 publishes gist
[exit=0]
[banked] daemon alive (1 proc)
[SUPERLOOPV3] recalled=250 new=0 dominant=other drift_alerts=1
[held] dashboard written locally; CONFIRM=1 publishes gist
[exit=0]
[banked] daemon alive (1 proc)
[SUPERLOOPV3] recalled=250 new=0 dominant=other drift_alerts=1
[held] dashboard written locally; CONFIRM=1 publishes gist
[exit=0]
[banked] daemon alive (1 proc)
[SUPERLOOPV3] recalled=250 new=0 dominant=other drift_alerts=1
[held] dashboard written locally; CONFIRM=1 publishes gist
[exit=0]
[banked] daemon alive (1 proc)
[SUPERLOOPV3] recalled=250 new=4 dominant=other drift_alerts=1
[held] dashboard written locally; CONFIRM=1 publishes gist
[exit=0]
[banked] daemon alive (1 proc)
[SUPERLOOPV3] recalled=250 new=0 dominant=other drift_alerts=1
[held] dashboard written locally; CONFIRM=1 publishes gist
[exit=0]
[banked] daemon alive (1 proc)
[SUPERLOOPV3] recalled=250 new=0 dominant=other drift_alerts=1
[held] dashboard written locally; CONFIRM=1 publishes gist
[exit=0]
[banked] daemon alive (1 proc)
[SUPERLOOPV3] recalled=250 new=0 dominant=other drift_alerts=1
[held] dashboard written locally; CONFIRM=1 publishes gist
[exit=0]
[banked] daemon alive (1 proc)
[SUPERLOOPV3] recalled=250 new=0 dominant=other drift_alerts=1
[held] dashboard written locally; CONFIRM=1 publishes gist
[exit=0]
[banked] daemon alive (1 proc)
[SUPERLOOPV3] recalled=250 new=0 dominant=other drift_alerts=1
[held] dashboard written locally; CONFIRM=1 publishes gist
[exit=0]
[banked] daemon alive (1 proc)
[SUPERLOOPV3] recalled=250 new=0 dominant=other drift_alerts=1
[held] dashboard written locally; CONFIRM=1 publishes gist
[exit=0]
[banked] daemon alive (1 proc)
[SUPERLOOPV3] recalled=250 new=0 dominant=other drift_alerts=1
[held] dashboard written locally; CONFIRM=1 publishes gist
[exit=0]
[banked] daemon alive (1 proc)
[SUPERLOOPV3] recalled=250 new=0 dominant=other drift_alerts=1
[held] dashboard written locally; CONFIRM=1 publishes gist
[exit=0]
[banked] daemon alive (1 proc)
[SUPERLOOPV3] recalled=250 new=0 dominant=other drift_alerts=1
[held] dashboard written locally; CONFIRM=1 publishes gist
[exit=0]
[banked] daemon alive (1 proc)
[SUPERLOOPV3] recalled=250 new=0 dominant=other drift_alerts=1
[held] dashboard written locally; CONFIRM=1 publishes gist
[exit=0]
[banked] daemon alive (1 proc)
[SUPERLOOPV3] recalled=250 new=0 dominant=other drift_alerts=1
[held] dashboard written locally; CONFIRM=1 publishes gist
[exit=0]
[banked] daemon alive (1 proc)
[SUPERLOOPV3] recalled=250 new=0 dominant=other drift_alerts=1
[held] dashboard written locally; CONFIRM=1 publishes gist
[exit=0]
[banked] daemon alive (1 proc)
[SUPERLOOPV3] recalled=250 new=0 dominant=other drift_alerts=1
[held] dashboard written locally; CONFIRM=1 publishes gist
[exit=0]
[banked] daemon alive (1 proc)
[SUPERLOOPV3] recalled=250 new=0 dominant=other drift_alerts=1
[held] dashboard written locally; CONFIRM=1 publishes gist
[exit=0]
[banked] daemon alive (1 proc)
[SUPERLOOPV3] recalled=250 new=0 dominant=other drift_alerts=1
[held] dashboard written locally; CONFIRM=1 publishes gist
[exit=0]
[banked] daemon alive (1 proc)
[SUPERLOOPV3] recalled=250 new=0 dominant=other drift_alerts=1
[held] dashboard written locally; CONFIRM=1 publishes gist
[exit=0]
[banked] daemon alive (1 proc)
[SUPERLOOPV3] recalled=250 new=0 dominant=other drift_alerts=1
[held] dashboard written locally; CONFIRM=1 publishes gist
[exit=0]
[banked] daemon alive (1 proc)
[SUPERLOOPV3] recalled=250 new=0 dominant=other drift_alerts=1
[held] dashboard written locally; CONFIRM=1 publishes gist
[exit=0]
[banked] daemon alive (1 proc)
[SUPERLOOPV3] recalled=250 new=0 dominant=other drift_alerts=1
[held] dashboard written locally; CONFIRM=1 publishes gist
[exit=0]
[banked] daemon alive (1 proc)
[SUPERLOOPV3] recalled=250 new=0 dominant=other drift_alerts=1
[held] dashboard written locally; CONFIRM=1 publishes gist
[exit=0]
[banked] daemon alive (1 proc)
[SUPERLOOPV3] recalled=250 new=0 dominant=other drift_alerts=1
[held] dashboard written locally; CONFIRM=1 publishes gist
[exit=0]
[banked] daemon alive (1 proc)
[SUPERLOOPV3] recalled=250 new=0 dominant=other drift_alerts=1
[held] dashboard written locally; CONFIRM=1 publishes gist
[exit=0]
[banked] daemon alive (1 proc)
[SUPERLOOPV3] recalled=250 new=0 dominant=other drift_alerts=1
[held] dashboard written locally; CONFIRM=1 publishes gist
[exit=0]
[banked] daemon alive (1 proc)
[SUPERLOOPV3] recalled=250 new=81 dominant=other drift_alerts=1
[held] dashboard written locally; CONFIRM=1 publishes gist
[exit=0]
[banked] daemon alive (1 proc)
[SUPERLOOPV3] recalled=250 new=0 dominant=other drift_alerts=1
[held] dashboard written locally; CONFIRM=1 publishes gist
[exit=0]
[banked] daemon alive (1 proc)
[SUPERLOOPV3] recalled=250 new=0 dominant=other drift_alerts=1
[held] dashboard written locally; CONFIRM=1 publishes gist
[exit=0]
[banked] daemon alive (1 proc)
[SUPERLOOPV3] recalled=250 new=0 dominant=other drift_alerts=1
[held] dashboard written locally; CONFIRM=1 publishes gist
[exit=0]
[banked] daemon alive (1 proc)
[SUPERLOOPV3] recalled=250 new=0 dominant=other drift_alerts=1
[held] dashboard written locally; CONFIRM=1 publishes gist
[exit=0]
[banked] daemon alive (1 proc)
[SUPERLOOPV3] recalled=250 new=39 dominant=other drift_alerts=1
[held] dashboard written locally; CONFIRM=1 publishes gist
[exit=0]
[banked] daemon alive (1 proc)
[SUPERLOOPV3] recalled=250 new=1 dominant=other drift_alerts=1
[held] dashboard written locally; CONFIRM=1 publishes gist
[exit=0]
[banked] daemon alive (1 proc)
[SUPERLOOPV3] recalled=250 new=150 dominant=other drift_alerts=1
[held] dashboard written locally; CONFIRM=1 publishes gist
[exit=0]
[banked] daemon alive (1 proc)
[SUPERLOOPV3] recalled=250 new=19 dominant=other drift_alerts=1
[held] dashboard written locally; CONFIRM=1 publishes gist
[exit=0]
[banked] daemon alive (1 proc)
[SUPERLOOPV3] recalled=250 new=0 dominant=other drift_alerts=1
[held] dashboard written locally; CONFIRM=1 publishes gist
[exit=0]
[banked] daemon alive (1 proc)
[SUPERLOOPV3] recalled=250 new=0 dominant=other drift_alerts=1
[held] dashboard written locally; CONFIRM=1 publishes gist
[exit=0]
[banked] daemon alive (1 proc)
[SUPERLOOPV3] recalled=250 new=29 dominant=other drift_alerts=1
[held] dashboard written locally; CONFIRM=1 publishes gist
[exit=0]
[banked] daemon alive (1 proc)
[SUPERLOOPV3] recalled=250 new=0 dominant=other drift_alerts=1
[held] dashboard written locally; CONFIRM=1 publishes gist
[exit=0]
[banked] daemon alive (1 proc)
[SUPERLOOPV3] recalled=250 new=0 dominant=other drift_alerts=1
[held] dashboard written locally; CONFIRM=1 publishes gist
[exit=0]
[banked] daemon alive (1 proc)
[SUPERLOOPV3] recalled=250 new=0 dominant=other drift_alerts=1
[held] dashboard written locally; CONFIRM=1 publishes gist
[exit=0]
[banked] daemon alive (1 proc)
[SUPERLOOPV3] recalled=250 new=0 dominant=other drift_alerts=1
[held] dashboard written locally; CONFIRM=1 publishes gist
[exit=0]
[banked] daemon alive (1 proc)
[SUPERLOOPV3] recalled=250 new=0 dominant=other drift_alerts=1
[held] dashboard written locally; CONFIRM=1 publishes gist
[exit=0]
[banked] daemon alive (1 proc)
[SUPERLOOPV3] recalled=250 new=0 dominant=other drift_alerts=1
[held] dashboard written locally; CONFIRM=1 publishes gist
[exit=0]
[banked] daemon alive (1 proc)
[SUPERLOOPV3] recalled=250 new=208 dominant=other drift_alerts=1
[held] dashboard written locally; CONFIRM=1 publishes gist
[exit=0]
[banked] daemon alive (1 proc)
[SUPERLOOPV3] recalled=250 new=3 dominant=other drift_alerts=1
[held] dashboard written locally; CONFIRM=1 publishes gist
[exit=0]
python3: can't open file '/home/jesse/openroot/bin/superloop_composite_v3.py': [Errno 2] No such file or directory
python3: can't open file '/home/jesse/openroot/bin/superloop_composite_v3.py': [Errno 2] No such file or directory
python3: can't open file '/home/jesse/openroot/bin/superloop_composite_v3.py': [Errno 2] No such file or directory
python3: can't open file '/home/jesse/openroot/bin/superloop_composite_v3.py': [Errno 2] No such file or directory
python3: can't open file '/home/jesse/openroot/bin/superloop_composite_v3.py': [Errno 2] No such file or directory
python3: can't open file '/home/jesse/openroot/bin/superloop_composite_v3.py': [Errno 2] No such file or directory
python3: can't open file '/home/jesse/openroot/bin/superloop_composite_v3.py': [Errno 2] No such file or directory
python3: can't open file '/home/jesse/openroot/bin/superloop_composite_v3.py': [Errno 2] No such file or directory
python3: can't open file '/home/jesse/openroot/bin/superloop_composite_v3.py': [Errno 2] No such file or directory
python3: can't open file '/home/jesse/openroot/bin/superloop_composite_v3.py': [Errno 2] No such file or directory
python3: can't open file '/home/jesse/openroot/bin/superloop_composite_v3.py': [Errno 2] No such file or directory
python3: can't open file '/home/jesse/openroot/bin/superloop_composite_v3.py': [Errno 2] No such file or directory
python3: can't open file '/home/jesse/openroot/bin/superloop_composite_v3.py': [Errno 2] No such file or directory
python3: can't open file '/home/jesse/openroot/bin/superloop_composite_v3.py': [Errno 2] No such file or directory
python3: can't open file '/home/jesse/openroot/bin/superloop_composite_v3.py': [Errno 2] No such file or directory
python3: can't open file '/home/jesse/openroot/bin/superloop_composite_v3.py': [Errno 2] No such file or directory
python3: can't open file '/home/jesse/openroot/bin/superloop_composite_v3.py': [Errno 2] No such file or directory
python3: can't open file '/home/jesse/openroot/bin/superloop_composite_v3.py': [Errno 2] No such file or directory
python3: can't open file '/home/jesse/openroot/bin/superloop_composite_v3.py': [Errno 2] No such file or directory
python3: can't open file '/home/jesse/openroot/bin/superloop_composite_v3.py': [Errno 2] No such file or directory
python3: can't open file '/home/jesse/openroot/bin/superloop_composite_v3.py': [Errno 2] No such file or directory
python3: can't open file '/home/jesse/openroot/bin/superloop_composite_v3.py': [Errno 2] No such file or directory
python3: can't open file '/home/jesse/openroot/bin/superloop_composite_v3.py': [Errno 2] No such file or directory
python3: can't open file '/home/jesse/openroot/bin/superloop_composite_v3.py': [Errno 2] No such file or directory
python3: can't open file '/home/jesse/openroot/bin/superloop_composite_v3.py': [Errno 2] No such file or directory
python3: can't open file '/home/jesse/openroot/bin/superloop_composite_v3.py': [Errno 2] No such file or directory
python3: can't open file '/home/jesse/openroot/bin/superloop_composite_v3.py': [Errno 2] No such file or directory
python3: can't open file '/home/jesse/openroot/bin/superloop_composite_v3.py': [Errno 2] No such file or directory
python3: can't open file '/home/jesse/openroot/bin/superloop_composite_v3.py': [Errno 2] No such file or directory
python3: can't open file '/home/jesse/openroot/bin/superloop_composite_v3.py': [Errno 2] No such file or directory
python3: can't open file '/home/jesse/openroot/bin/superloop_composite_v3.py': [Errno 2] No such file or directory
python3: can't open file '/home/jesse/openroot/bin/superloop_composite_v3.py': [Errno 2] No such file or directory
python3: can't open file '/home/jesse/openroot/bin/superloop_composite_v3.py': [Errno 2] No such file or directory
python3: can't open file '/home/jesse/openroot/bin/superloop_composite_v3.py': [Errno 2] No such file or directory
python3: can't open file '/home/jesse/openroot/bin/superloop_composite_v3.py': [Errno 2] No such file or directory
python3: can't open file '/home/jesse/openroot/bin/superloop_composite_v3.py': [Errno 2] No such file or directory
python3: can't open file '/home/jesse/openroot/bin/superloop_composite_v3.py': [Errno 2] No such file or directory
python3: can't open file '/home/jesse/openroot/bin/superloop_composite_v3.py': [Errno 2] No such file or directory
python3: can't open file '/home/jesse/openroot/bin/superloop_composite_v3.py': [Errno 2] No such file or directory
python3: can't open file '/home/jesse/openroot/bin/superloop_composite_v3.py': [Errno 2] No such file or directory
python3: can't open file '/home/jesse/openroot/bin/superloop_composite_v3.py': [Errno 2] No such file or directory
python3: can't open file '/home/jesse/openroot/bin/superloop_composite_v3.py': [Errno 2] No such file or directory
python3: can't open file '/home/jesse/openroot/bin/superloop_composite_v3.py': [Errno 2] No such file or directory
python3: can't open file '/home/jesse/openroot/bin/superloop_composite_v3.py': [Errno 2] No such file or directory
python3: can't open file '/home/jesse/openroot/bin/superloop_composite_v3.py': [Errno 2] No such file or directory
python3: can't open file '/home/jesse/openroot/bin/superloop_composite_v3.py': [Errno 2] No such file or directory
python3: can't open file '/home/jesse/openroot/bin/superloop_composite_v3.py': [Errno 2] No such file or directory
python3: can't open file '/home/jesse/openroot/bin/superloop_composite_v3.py': [Errno 2] No such file or directory
python3: can't open file '/home/jesse/openroot/bin/superloop_composite_v3.py': [Errno 2] No such file or directory
python3: can't open file '/home/jesse/openroot/bin/superloop_composite_v3.py': [Errno 2] No such file or directory
python3: can't open file '/home/jesse/openroot/bin/superloop_composite_v3.py': [Errno 2] No such file or directory
python3: can't open file '/home/jesse/openroot/bin/superloop_composite_v3.py': [Errno 2] No such file or directory
python3: can't open file '/home/jesse/openroot/bin/superloop_composite_v3.py': [Errno 2] No such file or directory
python3: can't open file '/home/jesse/openroot/bin/superloop_composite_v3.py': [Errno 2] No such file or directory
python3: can't open file '/home/jesse/openroot/bin/superloop_composite_v3.py': [Errno 2] No such file or directory
python3: can't open file '/home/jesse/openroot/bin/superloop_composite_v3.py': [Errno 2] No such file or directory
python3: can't open file '/home/jesse/openroot/bin/superloop_composite_v3.py': [Errno 2] No such file or directory
python3: can't open file '/home/jesse/openroot/bin/superloop_composite_v3.py': [Errno 2] No such file or directory
python3: can't open file '/home/jesse/openroot/bin/superloop_composite_v3.py': [Errno 2] No such file or directory
python3: can't open file '/home/jesse/openroot/bin/superloop_composite_v3.py': [Errno 2] No such file or directory
python3: can't open file '/home/jesse/openroot/bin/superloop_composite_v3.py': [Errno 2] No such file or directory
python3: can't open file '/home/jesse/openroot/bin/superloop_composite_v3.py': [Errno 2] No such file or directory
python3: can't open file '/home/jesse/openroot/bin/superloop_composite_v3.py': [Errno 2] No such file or directory
python3: can't open file '/home/jesse/openroot/bin/superloop_composite_v3.py': [Errno 2] No such file or directory
python3: can't open file '/home/jesse/openroot/bin/superloop_composite_v3.py': [Errno 2] No such file or directory
python3: can't open file '/home/jesse/openroot/bin/superloop_composite_v3.py': [Errno 2] No such file or directory
python3: can't open file '/home/jesse/openroot/bin/superloop_composite_v3.py': [Errno 2] No such file or directory
python3: can't open file '/home/jesse/openroot/bin/superloop_composite_v3.py': [Errno 2] No such file or directory
python3: can't open file '/home/jesse/openroot/bin/superloop_composite_v3.py': [Errno 2] No such file or directory
python3: can't open file '/home/jesse/openroot/bin/superloop_composite_v3.py': [Errno 2] No such file or directory
python3: can't open file '/home/jesse/openroot/bin/superloop_composite_v3.py': [Errno 2] No such file or directory
python3: can't open file '/home/jesse/openroot/bin/superloop_composite_v3.py': [Errno 2] No such file or directory
python3: can't open file '/home/jesse/openroot/bin/superloop_composite_v3.py': [Errno 2] No such file or directory
python3: can't open file '/home/jesse/openroot/bin/superloop_composite_v3.py': [Errno 2] No such file or directory
python3: can't open file '/home/jesse/openroot/bin/superloop_composite_v3.py': [Errno 2] No such file or directory
python3: can't open file '/home/jesse/openroot/bin/superloop_composite_v3.py': [Errno 2] No such file or directory
python3: can't open file '/home/jesse/openroot/bin/superloop_composite_v3.py': [Errno 2] No such file or directory
python3: can't open file '/home/jesse/openroot/bin/superloop_composite_v3.py': [Errno 2] No such file or directory
python3: can't open file '/home/jesse/openroot/bin/superloop_composite_v3.py': [Errno 2] No such file or directory
python3: can't open file '/home/jesse/openroot/bin/superloop_composite_v3.py': [Errno 2] No such file or directory
python3: can't open file '/home/jesse/openroot/bin/superloop_composite_v3.py': [Errno 2] No such file or directory
python3: can't open file '/home/jesse/openroot/bin/superloop_composite_v3.py': [Errno 2] No such file or directory
python3: can't open file '/home/jesse/openroot/bin/superloop_composite_v3.py': [Errno 2] No such file or directory
python3: can't open file '/home/jesse/openroot/bin/superloop_composite_v3.py': [Errno 2] No such file or directory
python3: can't open file '/home/jesse/openroot/bin/superloop_composite_v3.py': [Errno 2] No such file or directory
python3: can't open file '/home/jesse/openroot/bin/superloop_composite_v3.py': [Errno 2] No such file or directory
python3: can't open file '/home/jesse/openroot/bin/superloop_composite_v3.py': [Errno 2] No such file or directory
python3: can't open file '/home/jesse/openroot/bin/superloop_composite_v3.py': [Errno 2] No such file or directory
python3: can't open file '/home/jesse/openroot/bin/superloop_composite_v3.py': [Errno 2] No such file or directory
python3: can't open file '/home/jesse/openroot/bin/superloop_composite_v3.py': [Errno 2] No such file or directory
python3: can't open file '/home/jesse/openroot/bin/superloop_composite_v3.py': [Errno 2] No such file or directory
python3: can't open file '/home/jesse/openroot/bin/superloop_composite_v3.py': [Errno 2] No such file or directory
python3: can't open file '/home/jesse/openroot/bin/superloop_composite_v3.py': [Errno 2] No such file or directory
python3: can't open file '/home/jesse/openroot/bin/superloop_composite_v3.py': [Errno 2] No such file or directory
python3: can't open file '/home/jesse/openroot/bin/superloop_composite_v3.py': [Errno 2] No such file or directory
python3: can't open file '/home/jesse/openroot/bin/superloop_composite_v3.py': [Errno 2] No such file or directory
python3: can't open file '/home/jesse/openroot/bin/superloop_composite_v3.py': [Errno 2] No such file or directory
python3: can't open file '/home/jesse/openroot/bin/superloop_composite_v3.py': [Errno 2] No such file or directory
python3: can't open file '/home/jesse/openroot/bin/superloop_composite_v3.py': [Errno 2] No such file or directory
python3: can't open file '/home/jesse/openroot/bin/superloop_composite_v3.py': [Errno 2] No such file or directory
python3: can't open file '/home/jesse/openroot/bin/superloop_composite_v3.py': [Errno 2] No such file or directory
python3: can't open file '/home/jesse/openroot/bin/superloop_composite_v3.py': [Errno 2] No such file or directory
python3: can't open file '/home/jesse/openroot/bin/superloop_composite_v3.py': [Errno 2] No such file or directory
python3: can't open file '/home/jesse/openroot/bin/superloop_composite_v3.py': [Errno 2] No such file or directory
python3: can't open file '/home/jesse/openroot/bin/superloop_composite_v3.py': [Errno 2] No such file or directory
python3: can't open file '/home/jesse/openroot/bin/superloop_composite_v3.py': [Errno 2] No such file or directory
python3: can't open file '/home/jesse/openroot/bin/superloop_composite_v3.py': [Errno 2] No such file or directory
python3: can't open file '/home/jesse/openroot/bin/superloop_composite_v3.py': [Errno 2] No such file or directory
python3: can't open file '/home/jesse/openroot/bin/superloop_composite_v3.py': [Errno 2] No such file or directory
python3: can't open file '/home/jesse/openroot/bin/superloop_composite_v3.py': [Errno 2] No such file or directory
python3: can't open file '/home/jesse/openroot/bin/superloop_composite_v3.py': [Errno 2] No such file or directory
python3: can't open file '/home/jesse/openroot/bin/superloop_composite_v3.py': [Errno 2] No such file or directory
python3: can't open file '/home/jesse/openroot/bin/superloop_composite_v3.py': [Errno 2] No such file or directory
python3: can't open file '/home/jesse/openroot/bin/superloop_composite_v3.py': [Errno 2] No such file or directory
python3: can't open file '/home/jesse/openroot/bin/superloop_composite_v3.py': [Errno 2] No such file or directory
python3: can't open file '/home/jesse/openroot/bin/superloop_composite_v3.py': [Errno 2] No such file or directory
python3: can't open file '/home/jesse/openroot/bin/superloop_composite_v3.py': [Errno 2] No such file or directory
python3: can't open file '/home/jesse/openroot/bin/superloop_composite_v3.py': [Errno 2] No such file or directory
python3: can't open file '/home/jesse/openroot/bin/superloop_composite_v3.py': [Errno 2] No such file or directory
python3: can't open file '/home/jesse/openroot/bin/superloop_composite_v3.py': [Errno 2] No such file or directory
python3: can't open file '/home/jesse/openroot/bin/superloop_composite_v3.py': [Errno 2] No such file or directory
python3: can't open file '/home/jesse/openroot/bin/superloop_composite_v3.py': [Errno 2] No such file or directory
python3: can't open file '/home/jesse/openroot/bin/superloop_composite_v3.py': [Errno 2] No such file or directory
python3: can't open file '/home/jesse/openroot/bin/superloop_composite_v3.py': [Errno 2] No such file or directory
python3: can't open file '/home/jesse/openroot/bin/superloop_composite_v3.py': [Errno 2] No such file or directory
python3: can't open file '/home/jesse/openroot/bin/superloop_composite_v3.py': [Errno 2] No such file or directory
python3: can't open file '/home/jesse/openroot/bin/superloop_composite_v3.py': [Errno 2] No such file or directory
python3: can't open file '/home/jesse/openroot/bin/superloop_composite_v3.py': [Errno 2] No such file or directory
python3: can't open file '/home/jesse/openroot/bin/superloop_composite_v3.py': [Errno 2] No such file or directory
python3: can't open file '/home/jesse/openroot/bin/superloop_composite_v3.py': [Errno 2] No such file or directory
python3: can't open file '/home/jesse/openroot/bin/superloop_composite_v3.py': [Errno 2] No such file or directory
python3: can't open file '/home/jesse/openroot/bin/superloop_composite_v3.py': [Errno 2] No such file or directory
python3: can't open file '/home/jesse/openroot/bin/superloop_composite_v3.py': [Errno 2] No such file or directory
python3: can't open file '/home/jesse/openroot/bin/superloop_composite_v3.py': [Errno 2] No such file or directory
python3: can't open file '/home/jesse/openroot/bin/superloop_composite_v3.py': [Errno 2] No such file or directory
python3: can't open file '/home/jesse/openroot/bin/superloop_composite_v3.py': [Errno 2] No such file or directory
python3: can't open file '/home/jesse/openroot/bin/superloop_composite_v3.py': [Errno 2] No such file or directory
python3: can't open file '/home/jesse/openroot/bin/superloop_composite_v3.py': [Errno 2] No such file or directory
python3: can't open file '/home/jesse/openroot/bin/superloop_composite_v3.py': [Errno 2] No such file or directory
python3: can't open file '/home/jesse/openroot/bin/superloop_composite_v3.py': [Errno 2] No such file or directory
python3: can't open file '/home/jesse/openroot/bin/superloop_composite_v3.py': [Errno 2] No such file or directory
python3: can't open file '/home/jesse/openroot/bin/superloop_composite_v3.py': [Errno 2] No such file or directory
python3: can't open file '/home/jesse/openroot/bin/superloop_composite_v3.py': [Errno 2] No such file or directory
python3: can't open file '/home/jesse/openroot/bin/superloop_composite_v3.py': [Errno 2] No such file or directory
python3: can't open file '/home/jesse/openroot/bin/superloop_composite_v3.py': [Errno 2] No such file or directory
python3: can't open file '/home/jesse/openroot/bin/superloop_composite_v3.py': [Errno 2] No such file or directory
python3: can't open file '/home/jesse/openroot/bin/superloop_composite_v3.py': [Errno 2] No such file or directory
python3: can't open file '/home/jesse/openroot/bin/superloop_composite_v3.py': [Errno 2] No such file or directory
python3: can't open file '/home/jesse/openroot/bin/superloop_composite_v3.py': [Errno 2] No such file or directory
python3: can't open file '/home/jesse/openroot/bin/superloop_composite_v3.py': [Errno 2] No such file or directory
python3: can't open file '/home/jesse/openroot/bin/superloop_composite_v3.py': [Errno 2] No such file or directory
python3: can't open file '/home/jesse/openroot/bin/superloop_composite_v3.py': [Errno 2] No such file or directory
python3: can't open file '/home/jesse/openroot/bin/superloop_composite_v3.py': [Errno 2] No such file or directory
python3: can't open file '/home/jesse/openroot/bin/superloop_composite_v3.py': [Errno 2] No such file or directory
python3: can't open file '/home/jesse/openroot/bin/superloop_composite_v3.py': [Errno 2] No such file or directory
python3: can't open file '/home/jesse/openroot/bin/superloop_composite_v3.py': [Errno 2] No such file or directory
python3: can't open file '/home/jesse/openroot/bin/superloop_composite_v3.py': [Errno 2] No such file or directory
python3: can't open file '/home/jesse/openroot/bin/superloop_composite_v3.py': [Errno 2] No such file or directory
python3: can't open file '/home/jesse/openroot/bin/superloop_composite_v3.py': [Errno 2] No such file or directory
python3: can't open file '/home/jesse/openroot/bin/superloop_composite_v3.py': [Errno 2] No such file or directory
python3: can't open file '/home/jesse/openroot/bin/superloop_composite_v3.py': [Errno 2] No such file or directory
python3: can't open file '/home/jesse/openroot/bin/superloop_composite_v3.py': [Errno 2] No such file or directory
python3: can't open file '/home/jesse/openroot/bin/superloop_composite_v3.py': [Errno 2] No such file or directory
python3: can't open file '/home/jesse/openroot/bin/superloop_composite_v3.py': [Errno 2] No such file or directory
python3: can't open file '/home/jesse/openroot/bin/superloop_composite_v3.py': [Errno 2] No such file or directory
python3: can't open file '/home/jesse/openroot/bin/superloop_composite_v3.py': [Errno 2] No such file or directory
python3: can't open file '/home/jesse/openroot/bin/superloop_composite_v3.py': [Errno 2] No such file or directory
python3: can't open file '/home/jesse/openroot/bin/superloop_composite_v3.py': [Errno 2] No such file or directory
python3: can't open file '/home/jesse/openroot/bin/superloop_composite_v3.py': [Errno 2] No such file or directory
python3: can't open file '/home/jesse/openroot/bin/superloop_composite_v3.py': [Errno 2] No such file or directory
python3: can't open file '/home/jesse/openroot/bin/superloop_composite_v3.py': [Errno 2] No such file or directory
python3: can't open file '/home/jesse/openroot/bin/superloop_composite_v3.py': [Errno 2] No such file or directory
python3: can't open file '/home/jesse/openroot/bin/superloop_composite_v3.py': [Errno 2] No such file or directory
python3: can't open file '/home/jesse/openroot/bin/superloop_composite_v3.py': [Errno 2] No such file or directory
python3: can't open file '/home/jesse/openroot/bin/superloop_composite_v3.py': [Errno 2] No such file or directory
python3: can't open file '/home/jesse/openroot/bin/superloop_composite_v3.py': [Errno 2] No such file or directory
python3: can't open file '/home/jesse/openroot/bin/superloop_composite_v3.py': [Errno 2] No such file or directory
python3: can't open file '/home/jesse/openroot/bin/superloop_composite_v3.py': [Errno 2] No such file or directory
python3: can't open file '/home/jesse/openroot/bin/superloop_composite_v3.py': [Errno 2] No such file or directory
python3: can't open file '/home/jesse/openroot/bin/superloop_composite_v3.py': [Errno 2] No such file or directory
python3: can't open file '/home/jesse/openroot/bin/superloop_composite_v3.py': [Errno 2] No such file or directory
python3: can't open file '/home/jesse/openroot/bin/superloop_composite_v3.py': [Errno 2] No such file or directory
python3: can't open file '/home/jesse/openroot/bin/superloop_composite_v3.py': [Errno 2] No such file or directory
python3: can't open file '/home/jesse/openroot/bin/superloop_composite_v3.py': [Errno 2] No such file or directory
python3: can't open file '/home/jesse/openroot/bin/superloop_composite_v3.py': [Errno 2] No such file or directory
python3: can't open file '/home/jesse/openroot/bin/superloop_composite_v3.py': [Errno 2] No such file or directory
python3: can't open file '/home/jesse/openroot/bin/superloop_composite_v3.py': [Errno 2] No such file or directory
python3: can't open file '/home/jesse/openroot/bin/superloop_composite_v3.py': [Errno 2] No such file or directory
python3: can't open file '/home/jesse/openroot/bin/superloop_composite_v3.py': [Errno 2] No such file or directory
python3: can't open file '/home/jesse/openroot/bin/superloop_composite_v3.py': [Errno 2] No such file or directory
python3: can't open file '/home/jesse/openroot/bin/superloop_composite_v3.py': [Errno 2] No such file or directory
python3: can't open file '/home/jesse/openroot/bin/superloop_composite_v3.py': [Errno 2] No such file or directory
python3: can't open file '/home/jesse/openroot/bin/superloop_composite_v3.py': [Errno 2] No such file or directory
python3: can't open file '/home/jesse/openroot/bin/superloop_composite_v3.py': [Errno 2] No such file or directory
python3: can't open file '/home/jesse/openroot/bin/superloop_composite_v3.py': [Errno 2] No such file or directory
python3: can't open file '/home/jesse/openroot/bin/superloop_composite_v3.py': [Errno 2] No such file or directory
python3: can't open file '/home/jesse/openroot/bin/superloop_composite_v3.py': [Errno 2] No such file or directory
python3: can't open file '/home/jesse/openroot/bin/superloop_composite_v3.py': [Errno 2] No such file or directory
python3: can't open file '/home/jesse/openroot/bin/superloop_composite_v3.py': [Errno 2] No such file or directory
python3: can't open file '/home/jesse/openroot/bin/superloop_composite_v3.py': [Errno 2] No such file or directory
python3: can't open file '/home/jesse/openroot/bin/superloop_composite_v3.py': [Errno 2] No such file or directory
python3: can't open file '/home/jesse/openroot/bin/superloop_composite_v3.py': [Errno 2] No such file or directory
python3: can't open file '/home/jesse/openroot/bin/superloop_composite_v3.py': [Errno 2] No such file or directory
python3: can't open file '/home/jesse/openroot/bin/superloop_composite_v3.py': [Errno 2] No such file or directory
python3: can't open file '/home/jesse/openroot/bin/superloop_composite_v3.py': [Errno 2] No such file or directory
python3: can't open file '/home/jesse/openroot/bin/superloop_composite_v3.py': [Errno 2] No such file or directory
python3: can't open file '/home/jesse/openroot/bin/superloop_composite_v3.py': [Errno 2] No such file or directory
python3: can't open file '/home/jesse/openroot/bin/superloop_composite_v3.py': [Errno 2] No such file or directory
python3: can't open file '/home/jesse/openroot/bin/superloop_composite_v3.py': [Errno 2] No such file or directory
python3: can't open file '/home/jesse/openroot/bin/superloop_composite_v3.py': [Errno 2] No such file or directory
python3: can't open file '/home/jesse/openroot/bin/superloop_composite_v3.py': [Errno 2] No such file or directory
python3: can't open file '/home/jesse/openroot/bin/superloop_composite_v3.py': [Errno 2] No such file or directory
python3: can't open file '/home/jesse/openroot/bin/superloop_composite_v3.py': [Errno 2] No such file or directory
python3: can't open file '/home/jesse/openroot/bin/superloop_composite_v3.py': [Errno 2] No such file or directory
python3: can't open file '/home/jesse/openroot/bin/superloop_composite_v3.py': [Errno 2] No such file or directory
python3: can't open file '/home/jesse/openroot/bin/superloop_composite_v3.py': [Errno 2] No such file or directory
python3: can't open file '/home/jesse/openroot/bin/superloop_composite_v3.py': [Errno 2] No such file or directory
python3: can't open file '/home/jesse/openroot/bin/superloop_composite_v3.py': [Errno 2] No such file or directory
python3: can't open file '/home/jesse/openroot/bin/superloop_composite_v3.py': [Errno 2] No such file or directory
python3: can't open file '/home/jesse/openroot/bin/superloop_composite_v3.py': [Errno 2] No such file or directory
python3: can't open file '/home/jesse/openroot/bin/superloop_composite_v3.py': [Errno 2] No such file or directory
python3: can't open file '/home/jesse/openroot/bin/superloop_composite_v3.py': [Errno 2] No such file or directory
python3: can't open file '/home/jesse/openroot/bin/superloop_composite_v3.py': [Errno 2] No such file or directory
python3: can't open file '/home/jesse/openroot/bin/superloop_composite_v3.py': [Errno 2] No such file or directory
python3: can't open file '/home/jesse/openroot/bin/superloop_composite_v3.py': [Errno 2] No such file or directory
python3: can't open file '/home/jesse/openroot/bin/superloop_composite_v3.py': [Errno 2] No such file or directory
python3: can't open file '/home/jesse/openroot/bin/superloop_composite_v3.py': [Errno 2] No such file or directory
python3: can't open file '/home/jesse/openroot/bin/superloop_composite_v3.py': [Errno 2] No such file or directory
python3: can't open file '/home/jesse/openroot/bin/superloop_composite_v3.py': [Errno 2] No such file or directory
python3: can't open file '/home/jesse/openroot/bin/superloop_composite_v3.py': [Errno 2] No such file or directory
python3: can't open file '/home/jesse/openroot/bin/superloop_composite_v3.py': [Errno 2] No such file or directory
python3: can't open file '/home/jesse/openroot/bin/superloop_composite_v3.py': [Errno 2] No such file or directory
python3: can't open file '/home/jesse/openroot/bin/superloop_composite_v3.py': [Errno 2] No such file or directory
python3: can't open file '/home/jesse/openroot/bin/superloop_composite_v3.py': [Errno 2] No such file or directory
python3: can't open file '/home/jesse/openroot/bin/superloop_composite_v3.py': [Errno 2] No such file or directory
python3: can't open file '/home/jesse/openroot/bin/superloop_composite_v3.py': [Errno 2] No such file or directory
python3: can't open file '/home/jesse/openroot/bin/superloop_composite_v3.py': [Errno 2] No such file or directory
python3: can't open file '/home/jesse/openroot/bin/superloop_composite_v3.py': [Errno 2] No such file or directory
python3: can't open file '/home/jesse/openroot/bin/superloop_composite_v3.py': [Errno 2] No such file or directory
python3: can't open file '/home/jesse/openroot/bin/superloop_composite_v3.py': [Errno 2] No such file or directory
python3: can't open file '/home/jesse/openroot/bin/superloop_composite_v3.py': [Errno 2] No such file or directory
python3: can't open file '/home/jesse/openroot/bin/superloop_composite_v3.py': [Errno 2] No such file or directory
python3: can't open file '/home/jesse/openroot/bin/superloop_composite_v3.py': [Errno 2] No such file or directory
python3: can't open file '/home/jesse/openroot/bin/superloop_composite_v3.py': [Errno 2] No such file or directory
python3: can't open file '/home/jesse/openroot/bin/superloop_composite_v3.py': [Errno 2] No such file or directory
python3: can't open file '/home/jesse/openroot/bin/superloop_composite_v3.py': [Errno 2] No such file or directory
python3: can't open file '/home/jesse/openroot/bin/superloop_composite_v3.py': [Errno 2] No such file or directory
python3: can't open file '/home/jesse/openroot/bin/superloop_composite_v3.py': [Errno 2] No such file or directory
python3: can't open file '/home/jesse/openroot/bin/superloop_composite_v3.py': [Errno 2] No such file or directory
python3: can't open file '/home/jesse/openroot/bin/superloop_composite_v3.py': [Errno 2] No such file or directory
python3: can't open file '/home/jesse/openroot/bin/superloop_composite_v3.py': [Errno 2] No such file or directory
python3: can't open file '/home/jesse/openroot/bin/superloop_composite_v3.py': [Errno 2] No such file or directory
python3: can't open file '/home/jesse/openroot/bin/superloop_composite_v3.py': [Errno 2] No such file or directory
python3: can't open file '/home/jesse/openroot/bin/superloop_composite_v3.py': [Errno 2] No such file or directory
python3: can't open file '/home/jesse/openroot/bin/superloop_composite_v3.py': [Errno 2] No such file or directory
python3: can't open file '/home/jesse/openroot/bin/superloop_composite_v3.py': [Errno 2] No such file or directory
python3: can't open file '/home/jesse/openroot/bin/superloop_composite_v3.py': [Errno 2] No such file or directory
python3: can't open file '/home/jesse/openroot/bin/superloop_composite_v3.py': [Errno 2] No such file or directory
python3: can't open file '/home/jesse/openroot/bin/superloop_composite_v3.py': [Errno 2] No such file or directory
python3: can't open file '/home/jesse/openroot/bin/superloop_composite_v3.py': [Errno 2] No such file or directory
python3: can't open file '/home/jesse/openroot/bin/superloop_composite_v3.py': [Errno 2] No such file or directory
python3: can't open file '/home/jesse/openroot/bin/superloop_composite_v3.py': [Errno 2] No such file or directory
python3: can't open file '/home/jesse/openroot/bin/superloop_composite_v3.py': [Errno 2] No such file or directory
python3: can't open file '/home/jesse/openroot/bin/superloop_composite_v3.py': [Errno 2] No such file or directory
python3: can't open file '/home/jesse/openroot/bin/superloop_composite_v3.py': [Errno 2] No such file or directory
python3: can't open file '/home/jesse/openroot/bin/superloop_composite_v3.py': [Errno 2] No such file or directory
python3: can't open file '/home/jesse/openroot/bin/superloop_composite_v3.py': [Errno 2] No such file or directory
python3: can't open file '/home/jesse/openroot/bin/superloop_composite_v3.py': [Errno 2] No such file or directory
python3: can't open file '/home/jesse/openroot/bin/superloop_composite_v3.py': [Errno 2] No such file or directory
python3: can't open file '/home/jesse/openroot/bin/superloop_composite_v3.py': [Errno 2] No such file or directory
python3: can't open file '/home/jesse/openroot/bin/superloop_composite_v3.py': [Errno 2] No such file or directory
python3: can't open file '/home/jesse/openroot/bin/superloop_composite_v3.py': [Errno 2] No such file or directory
python3: can't open file '/home/jesse/openroot/bin/superloop_composite_v3.py': [Errno 2] No such file or directory
python3: can't open file '/home/jesse/openroot/bin/superloop_composite_v3.py': [Errno 2] No such file or directory
python3: can't open file '/home/jesse/openroot/bin/superloop_composite_v3.py': [Errno 2] No such file or directory
python3: can't open file '/home/jesse/openroot/bin/superloop_composite_v3.py': [Errno 2] No such file or directory
python3: can't open file '/home/jesse/openroot/bin/superloop_composite_v3.py': [Errno 2] No such file or directory
python3: can't open file '/home/jesse/openroot/bin/superloop_composite_v3.py': [Errno 2] No such file or directory
python3: can't open file '/home/jesse/openroot/bin/superloop_composite_v3.py': [Errno 2] No such file or directory
python3: can't open file '/home/jesse/openroot/bin/superloop_composite_v3.py': [Errno 2] No such file or directory
python3: can't open file '/home/jesse/openroot/bin/superloop_composite_v3.py': [Errno 2] No such file or directory
python3: can't open file '/home/jesse/openroot/bin/superloop_composite_v3.py': [Errno 2] No such file or directory
python3: can't open file '/home/jesse/openroot/bin/superloop_composite_v3.py': [Errno 2] No such file or directory
python3: can't open file '/home/jesse/openroot/bin/superloop_composite_v3.py': [Errno 2] No such file or directory
python3: can't open file '/home/jesse/openroot/bin/superloop_composite_v3.py': [Errno 2] No such file or directory
python3: can't open file '/home/jesse/openroot/bin/superloop_composite_v3.py': [Errno 2] No such file or directory
python3: can't open file '/home/jesse/openroot/bin/superloop_composite_v3.py': [Errno 2] No such file or directory
python3: can't open file '/home/jesse/openroot/bin/superloop_composite_v3.py': [Errno 2] No such file or directory
python3: can't open file '/home/jesse/openroot/bin/superloop_composite_v3.py': [Errno 2] No such file or directory
python3: can't open file '/home/jesse/openroot/bin/superloop_composite_v3.py': [Errno 2] No such file or directory
python3: can't open file '/home/jesse/openroot/bin/superloop_composite_v3.py': [Errno 2] No such file or directory
python3: can't open file '/home/jesse/openroot/bin/superloop_composite_v3.py': [Errno 2] No such file or directory
python3: can't open file '/home/jesse/openroot/bin/superloop_composite_v3.py': [Errno 2] No such file or directory
python3: can't open file '/home/jesse/openroot/bin/superloop_composite_v3.py': [Errno 2] No such file or directory
python3: can't open file '/home/jesse/openroot/bin/superloop_composite_v3.py': [Errno 2] No such file or directory
python3: can't open file '/home/jesse/openroot/bin/superloop_composite_v3.py': [Errno 2] No such file or directory
python3: can't open file '/home/jesse/openroot/bin/superloop_composite_v3.py': [Errno 2] No such file or directory
python3: can't open file '/home/jesse/openroot/bin/superloop_composite_v3.py': [Errno 2] No such file or directory
python3: can't open file '/home/jesse/openroot/bin/superloop_composite_v3.py': [Errno 2] No such file or directory
python3: can't open file '/home/jesse/openroot/bin/superloop_composite_v3.py': [Errno 2] No such file or directory
python3: can't open file '/home/jesse/openroot/bin/superloop_composite_v3.py': [Errno 2] No such file or directory
python3: can't open file '/home/jesse/openroot/bin/superloop_composite_v3.py': [Errno 2] No such file or directory
python3: can't open file '/home/jesse/openroot/bin/superloop_composite_v3.py': [Errno 2] No such file or directory
python3: can't open file '/home/jesse/openroot/bin/superloop_composite_v3.py': [Errno 2] No such file or directory
python3: can't open file '/home/jesse/openroot/bin/superloop_composite_v3.py': [Errno 2] No such file or directory
python3: can't open file '/home/jesse/openroot/bin/superloop_composite_v3.py': [Errno 2] No such file or directory
python3: can't open file '/home/jesse/openroot/bin/superloop_composite_v3.py': [Errno 2] No such file or directory
python3: can't open file '/home/jesse/openroot/bin/superloop_composite_v3.py': [Errno 2] No such file or directory
python3: can't open file '/home/jesse/openroot/bin/superloop_composite_v3.py': [Errno 2] No such file or directory
python3: can't open file '/home/jesse/openroot/bin/superloop_composite_v3.py': [Errno 2] No such file or directory
python3: can't open file '/home/jesse/openroot/bin/superloop_composite_v3.py': [Errno 2] No such file or directory
python3: can't open file '/home/jesse/openroot/bin/superloop_composite_v3.py': [Errno 2] No such file or directory
python3: can't open file '/home/jesse/openroot/bin/superloop_composite_v3.py': [Errno 2] No such file or directory
python3: can't open file '/home/jesse/openroot/bin/superloop_composite_v3.py': [Errno 2] No such file or directory
python3: can't open file '/home/jesse/openroot/bin/superloop_composite_v3.py': [Errno 2] No such file or directory
python3: can't open file '/home/jesse/openroot/bin/superloop_composite_v3.py': [Errno 2] No such file or directory
python3: can't open file '/home/jesse/openroot/bin/superloop_composite_v3.py': [Errno 2] No such file or directory
python3: can't open file '/home/jesse/openroot/bin/superloop_composite_v3.py': [Errno 2] No such file or directory
python3: can't open file '/home/jesse/openroot/bin/superloop_composite_v3.py': [Errno 2] No such file or directory
python3: can't open file '/home/jesse/openroot/bin/superloop_composite_v3.py': [Errno 2] No such file or directory
python3: can't open file '/home/jesse/openroot/bin/superloop_composite_v3.py': [Errno 2] No such file or directory
python3: can't open file '/home/jesse/openroot/bin/superloop_composite_v3.py': [Errno 2] No such file or directory
python3: can't open file '/home/jesse/openroot/bin/superloop_composite_v3.py': [Errno 2] No such file or directory
python3: can't open file '/home/jesse/openroot/bin/superloop_composite_v3.py': [Errno 2] No such file or directory
python3: can't open file '/home/jesse/openroot/bin/superloop_composite_v3.py': [Errno 2] No such file or directory
python3: can't open file '/home/jesse/openroot/bin/superloop_composite_v3.py': [Errno 2] No such file or directory
python3: can't open file '/home/jesse/openroot/bin/superloop_composite_v3.py': [Errno 2] No such file or directory
python3: can't open file '/home/jesse/openroot/bin/superloop_composite_v3.py': [Errno 2] No such file or directory
python3: can't open file '/home/jesse/openroot/bin/superloop_composite_v3.py': [Errno 2] No such file or directory
python3: can't open file '/home/jesse/openroot/bin/superloop_composite_v3.py': [Errno 2] No such file or directory
python3: can't open file '/home/jesse/openroot/bin/superloop_composite_v3.py': [Errno 2] No such file or directory
python3: can't open file '/home/jesse/openroot/bin/superloop_composite_v3.py': [Errno 2] No such file or directory
python3: can't open file '/home/jesse/openroot/bin/superloop_composite_v3.py': [Errno 2] No such file or directory
python3: can't open file '/home/jesse/openroot/bin/superloop_composite_v3.py': [Errno 2] No such file or directory
python3: can't open file '/home/jesse/openroot/bin/superloop_composite_v3.py': [Errno 2] No such file or directory
python3: can't open file '/home/jesse/openroot/bin/superloop_composite_v3.py': [Errno 2] No such file or directory
python3: can't open file '/home/jesse/openroot/bin/superloop_composite_v3.py': [Errno 2] No such file or directory
python3: can't open file '/home/jesse/openroot/bin/superloop_composite_v3.py': [Errno 2] No such file or directory
python3: can't open file '/home/jesse/openroot/bin/superloop_composite_v3.py': [Errno 2] No such file or directory
python3: can't open file '/home/jesse/openroot/bin/superloop_composite_v3.py': [Errno 2] No such file or directory
python3: can't open file '/home/jesse/openroot/bin/superloop_composite_v3.py': [Errno 2] No such file or directory
python3: can't open file '/home/jesse/openroot/bin/superloop_composite_v3.py': [Errno 2] No such file or directory
python3: can't open file '/home/jesse/openroot/bin/superloop_composite_v3.py': [Errno 2] No such file or directory
python3: can't open file '/home/jesse/openroot/bin/superloop_composite_v3.py': [Errno 2] No such file or directory
python3: can't open file '/home/jesse/openroot/bin/superloop_composite_v3.py': [Errno 2] No such file or directory
python3: can't open file '/home/jesse/openroot/bin/superloop_composite_v3.py': [Errno 2] No such file or directory
python3: can't open file '/home/jesse/openroot/bin/superloop_composite_v3.py': [Errno 2] No such file or directory
python3: can't open file '/home/jesse/openroot/bin/superloop_composite_v3.py': [Errno 2] No such file or directory
python3: can't open file '/home/jesse/openroot/bin/superloop_composite_v3.py': [Errno 2] No such file or directory
python3: can't open file '/home/jesse/openroot/bin/superloop_composite_v3.py': [Errno 2] No such file or directory
python3: can't open file '/home/jesse/openroot/bin/superloop_composite_v3.py': [Errno 2] No such file or directory
python3: can't open file '/home/jesse/openroot/bin/superloop_composite_v3.py': [Errno 2] No such file or directory
python3: can't open file '/home/jesse/openroot/bin/superloop_composite_v3.py': [Errno 2] No such file or directory
python3: can't open file '/home/jesse/openroot/bin/superloop_composite_v3.py': [Errno 2] No such file or directory
python3: can't open file '/home/jesse/openroot/bin/superloop_composite_v3.py': [Errno 2] No such file or directory
python3: can't open file '/home/jesse/openroot/bin/superloop_composite_v3.py': [Errno 2] No such file or directory
python3: can't open file '/home/jesse/openroot/bin/superloop_composite_v3.py': [Errno 2] No such file or directory
python3: can't open file '/home/jesse/openroot/bin/superloop_composite_v3.py': [Errno 2] No such file or directory
python3: can't open file '/home/jesse/openroot/bin/superloop_composite_v3.py': [Errno 2] No such file or directory
python3: can't open file '/home/jesse/openroot/bin/superloop_composite_v3.py': [Errno 2] No such file or directory
python3: can't open file '/home/jesse/openroot/bin/superloop_composite_v3.py': [Errno 2] No such file or directory
python3: can't open file '/home/jesse/openroot/bin/superloop_composite_v3.py': [Errno 2] No such file or directory
python3: can't open file '/home/jesse/openroot/bin/superloop_composite_v3.py': [Errno 2] No such file or directory
python3: can't open file '/home/jesse/openroot/bin/superloop_composite_v3.py': [Errno 2] No such file or directory
python3: can't open file '/home/jesse/openroot/bin/superloop_composite_v3.py': [Errno 2] No such file or directory
python3: can't open file '/home/jesse/openroot/bin/superloop_composite_v3.py': [Errno 2] No such file or directory
python3: can't open file '/home/jesse/openroot/bin/superloop_composite_v3.py': [Errno 2] No such file or directory
python3: can't open file '/home/jesse/openroot/bin/superloop_composite_v3.py': [Errno 2] No such file or directory
